tau,meth_cost_ratio,pct_resolved_stage1,avg_cost_per_patient,overall_accuracy_ceiling,overall_accuracy_floor
0.0,1.2,1.0,1.0,,
0.0,1.45,1.0,1.0,,
0.0,1.8,1.0,1.0,,
0.02,1.2,0.9985652797704447,1.0017216642754663,0.9655667144906743,0.9655667144906743
0.02,1.45,0.9985652797704447,1.0020803443328552,0.9655667144906743,0.9655667144906743
0.02,1.8,0.9985652797704447,1.0025824964131995,0.9655667144906743,0.9655667144906743
0.04,1.2,0.994261119081779,1.006886657101865,0.9684361549497847,0.9641319942611191
0.04,1.45,0.994261119081779,1.0083213773314204,0.9684361549497847,0.9641319942611191
0.04,1.8,0.994261119081779,1.0103299856527976,0.9684361549497847,0.9641319942611191
0.06,1.2,0.9913916786226685,1.0103299856527979,0.9684361549497847,0.9641319942611191
0.06,1.45,0.9913916786226685,1.0124820659971305,0.9684361549497847,0.9641319942611191
0.06,1.8,0.9913916786226685,1.0154949784791967,0.9684361549497847,0.9641319942611191
0.08,1.2,0.9827833572453372,1.0206599713055955,0.96987087517934,0.9641319942611191
0.08,1.45,0.9827833572453372,1.024964131994261,0.96987087517934,0.9641319942611191
0.08,1.8,0.9827833572453372,1.0309899569583931,0.96987087517934,0.9641319942611191
0.1,1.2,0.9799139167862266,1.024103299856528,0.9713055954088953,0.9641319942611191
0.1,1.45,0.9799139167862266,1.0291248206599715,0.9713055954088953,0.9641319942611191
0.1,1.8,0.9799139167862266,1.036154949784792,0.9713055954088953,0.9641319942611191
0.12,1.2,0.9784791965566715,1.0258249641319943,0.9727403156384505,0.9641319942611191
0.12,1.45,0.9784791965566715,1.0312051649928264,0.9727403156384505,0.9641319942611191
0.12,1.8,0.9784791965566715,1.0387374461979912,0.9727403156384505,0.9641319942611191
0.14,1.2,0.9727403156384505,1.0327116212338594,0.975609756097561,0.9641319942611191
0.14,1.45,0.9727403156384505,1.0395265423242468,0.975609756097561,0.9641319942611191
0.14,1.8,0.9727403156384505,1.049067431850789,0.975609756097561,0.9641319942611191
0.16,1.2,0.96987087517934,1.036154949784792,0.975609756097561,0.9641319942611191
0.16,1.45,0.96987087517934,1.043687230989957,0.975609756097561,0.9641319942611191
0.16,1.8,0.96987087517934,1.054232424677188,0.975609756097561,0.9641319942611191
0.18,1.2,0.9655667144906743,1.0413199426111908,0.975609756097561,0.9641319942611191
0.18,1.45,0.9655667144906743,1.0499282639885221,0.975609756097561,0.9641319942611191
0.18,1.8,0.9655667144906743,1.0619799139167863,0.975609756097561,0.9641319942611191
0.2,1.2,0.9655667144906743,1.0413199426111908,0.975609756097561,0.9641319942611191
0.2,1.45,0.9655667144906743,1.0499282639885221,0.975609756097561,0.9641319942611191
0.2,1.8,0.9655667144906743,1.0619799139167863,0.975609756097561,0.9641319942611191
0.22,1.2,0.9655667144906743,1.0413199426111908,0.975609756097561,0.9641319942611191
0.22,1.45,0.9655667144906743,1.0499282639885221,0.975609756097561,0.9641319942611191
0.22,1.8,0.9655667144906743,1.0619799139167863,0.975609756097561,0.9641319942611191
0.24,1.2,0.9626972740315638,1.0447632711621235,0.9770444763271162,0.9641319942611191
0.24,1.45,0.9626972740315638,1.0540889526542325,0.9770444763271162,0.9641319942611191
0.24,1.8,0.9626972740315638,1.067144906743185,0.9770444763271162,0.9641319942611191
0.26,1.2,0.9598278335724534,1.0482065997130559,0.9770444763271162,0.9641319942611191
0.26,1.45,0.9598278335724534,1.0582496413199427,0.9770444763271162,0.9641319942611191
0.26,1.8,0.9598278335724534,1.072309899569584,0.9770444763271162,0.9641319942611191
0.28,1.2,0.9583931133428981,1.0499282639885223,0.9784791965566715,0.9641319942611191
0.28,1.45,0.9583931133428981,1.0603299856527977,0.9784791965566715,0.9641319942611191
0.28,1.8,0.9583931133428981,1.0748923959827834,0.9784791965566715,0.9641319942611191
0.3,1.2,0.9555236728837877,1.0533715925394547,0.9799139167862266,0.9641319942611191
0.3,1.45,0.9555236728837877,1.0644906743185079,0.9799139167862266,0.9641319942611191
0.3,1.8,0.9555236728837877,1.0800573888091822,0.9799139167862266,0.9641319942611191
0.32,1.2,0.9540889526542324,1.0550932568149212,0.9799139167862266,0.9641319942611191
0.32,1.45,0.9540889526542324,1.066571018651363,0.9799139167862266,0.9641319942611191
0.32,1.8,0.9540889526542324,1.0826398852223815,0.9799139167862266,0.9641319942611191
0.34,1.2,0.9469153515064562,1.0637015781922525,0.9799139167862266,0.9641319942611191
0.34,1.45,0.9469153515064562,1.0769727403156384,0.9799139167862266,0.9641319942611191
0.34,1.8,0.9469153515064562,1.095552367288379,0.9799139167862266,0.9641319942611191
0.36,1.2,0.945480631276901,1.0654232424677188,0.9799139167862266,0.9641319942611191
0.36,1.45,0.945480631276901,1.0790530846484936,0.9799139167862266,0.9641319942611191
0.36,1.8,0.945480631276901,1.0981348637015782,0.9799139167862266,0.9641319942611191
0.38,1.2,0.9426111908177905,1.0688665710186513,0.9799139167862266,0.9641319942611191
0.38,1.45,0.9426111908177905,1.0832137733142038,0.9799139167862266,0.9641319942611191
0.38,1.8,0.9426111908177905,1.103299856527977,0.9799139167862266,0.9641319942611191
0.4,1.2,0.9411764705882353,1.0705882352941176,0.9799139167862266,0.9641319942611191
0.4,1.45,0.9411764705882353,1.085294117647059,0.9799139167862266,0.9641319942611191
0.4,1.8,0.9411764705882353,1.1058823529411765,0.9799139167862266,0.9641319942611191
0.42,1.2,0.9411764705882353,1.0705882352941176,0.9799139167862266,0.9641319942611191
0.42,1.45,0.9411764705882353,1.085294117647059,0.9799139167862266,0.9641319942611191
0.42,1.8,0.9411764705882353,1.1058823529411765,0.9799139167862266,0.9641319942611191
0.44,1.2,0.93974175035868,1.072309899569584,0.9799139167862266,0.9641319942611191
0.44,1.45,0.93974175035868,1.087374461979914,0.9799139167862266,0.9641319942611191
0.44,1.8,0.93974175035868,1.1084648493543758,0.9799139167862266,0.9641319942611191
0.46,1.2,0.9368723098995696,1.0757532281205164,0.9827833572453372,0.9641319942611191
0.46,1.45,0.9368723098995696,1.0915351506456241,0.9827833572453372,0.9641319942611191
0.46,1.8,0.9368723098995696,1.1136298421807747,0.9827833572453372,0.9641319942611191
0.48,1.2,0.9368723098995696,1.0757532281205164,0.9827833572453372,0.9641319942611191
0.48,1.45,0.9368723098995696,1.0915351506456241,0.9827833572453372,0.9641319942611191
0.48,1.8,0.9368723098995696,1.1136298421807747,0.9827833572453372,0.9641319942611191
0.5,1.2,0.9354375896700143,1.077474892395983,0.9842180774748924,0.9641319942611191
0.5,1.45,0.9354375896700143,1.0936154949784793,0.9842180774748924,0.9641319942611191
0.5,1.8,0.9354375896700143,1.1162123385939742,0.9842180774748924,0.9641319942611191
0.52,1.2,0.9282639885222381,1.0860832137733143,0.9856527977044476,0.9641319942611191
0.52,1.45,0.9282639885222381,1.1040172166427547,0.9856527977044476,0.9641319942611191
0.52,1.8,0.9282639885222381,1.1291248206599713,0.9856527977044476,0.9641319942611191
0.54,1.2,0.9253945480631277,1.0895265423242468,0.9856527977044476,0.9641319942611191
0.54,1.45,0.9253945480631277,1.1081779053084648,0.9856527977044476,0.9641319942611191
0.54,1.8,0.9253945480631277,1.1342898134863701,0.9856527977044476,0.9641319942611191
0.56,1.2,0.9239598278335724,1.091248206599713,0.9856527977044476,0.9641319942611191
0.56,1.45,0.9239598278335724,1.11025824964132,0.9856527977044476,0.9641319942611191
0.56,1.8,0.9239598278335724,1.1368723098995697,0.9856527977044476,0.9641319942611191
0.58,1.2,0.9196556671449068,1.096413199426112,0.9856527977044476,0.9641319942611191
0.58,1.45,0.9196556671449068,1.1164992826398852,0.9856527977044476,0.9641319942611191
0.58,1.8,0.9196556671449068,1.1446197991391678,0.9856527977044476,0.9641319942611191
0.6,1.2,0.9167862266857962,1.0998565279770445,0.9856527977044476,0.9641319942611191
0.6,1.45,0.9167862266857962,1.1206599713055954,0.9856527977044476,0.9641319942611191
0.6,1.8,0.9167862266857962,1.1497847919655668,0.9856527977044476,0.9641319942611191
0.62,1.2,0.9124820659971306,1.1050215208034433,0.9856527977044476,0.9641319942611191
0.62,1.45,0.9124820659971306,1.1269010043041607,0.9856527977044476,0.9641319942611191
0.62,1.8,0.9124820659971306,1.157532281205165,0.9856527977044476,0.9641319942611191
0.64,1.2,0.9124820659971306,1.1050215208034433,0.9856527977044476,0.9641319942611191
0.64,1.45,0.9124820659971306,1.1269010043041607,0.9856527977044476,0.9641319942611191
0.64,1.8,0.9124820659971306,1.157532281205165,0.9856527977044476,0.9641319942611191
0.66,1.2,0.9067431850789096,1.1119081779053084,0.9856527977044476,0.9641319942611191
0.66,1.45,0.9067431850789096,1.135222381635581,0.9856527977044476,0.9641319942611191
0.66,1.8,0.9067431850789096,1.1678622668579628,0.9856527977044476,0.9641319942611191
0.68,1.2,0.9024390243902439,1.1170731707317074,0.9856527977044476,0.9641319942611191
0.68,1.45,0.9024390243902439,1.1414634146341462,0.9856527977044476,0.9641319942611191
0.68,1.8,0.9024390243902439,1.175609756097561,0.9856527977044476,0.9641319942611191
0.7,1.2,0.8938307030129125,1.127403156384505,0.9856527977044476,0.9641319942611191
0.7,1.45,0.8938307030129125,1.153945480631277,0.9856527977044476,0.9641319942611191
0.7,1.8,0.8938307030129125,1.1911047345767576,0.9856527977044476,0.9641319942611191
0.72,1.2,0.8895265423242468,1.1325681492109039,0.9856527977044476,0.9641319942611191
0.72,1.45,0.8895265423242468,1.1601865136298422,0.9856527977044476,0.9641319942611191
0.72,1.8,0.8895265423242468,1.1988522238163557,0.9856527977044476,0.9641319942611191
0.74,1.2,0.8837876614060258,1.139454806312769,0.9856527977044476,0.9641319942611191
0.74,1.45,0.8837876614060258,1.1685078909612625,0.9856527977044476,0.9641319942611191
0.74,1.8,0.8837876614060258,1.2091822094691536,0.9856527977044476,0.9641319942611191
0.76,1.2,0.8766140602582496,1.1480631276901005,0.9856527977044476,0.9641319942611191
0.76,1.45,0.8766140602582496,1.178909612625538,0.9856527977044476,0.9641319942611191
0.76,1.8,0.8766140602582496,1.2220946915351507,0.9856527977044476,0.9641319942611191
0.78,1.2,0.8694404591104734,1.156671449067432,0.9856527977044476,0.9641319942611191
0.78,1.45,0.8694404591104734,1.1893113342898136,0.9856527977044476,0.9641319942611191
0.78,1.8,0.8694404591104734,1.2350071736011479,0.9856527977044476,0.9641319942611191
0.8,1.2,0.8622668579626973,1.1652797704447633,0.9856527977044476,0.9641319942611191
0.8,1.45,0.8622668579626973,1.199713055954089,0.9856527977044476,0.9641319942611191
0.8,1.8,0.8622668579626973,1.2479196556671448,0.9856527977044476,0.9641319942611191
0.82,1.2,0.8536585365853658,1.1756097560975611,0.9856527977044476,0.9641319942611191
0.82,1.45,0.8536585365853658,1.2121951219512197,0.9856527977044476,0.9641319942611191
0.82,1.8,0.8536585365853658,1.2634146341463415,0.9856527977044476,0.9641319942611191
0.84,1.2,0.8436154949784792,1.187661406025825,0.9856527977044476,0.9641319942611191
0.84,1.45,0.8436154949784792,1.2267575322812052,0.9856527977044476,0.9641319942611191
0.84,1.8,0.8436154949784792,1.2814921090387374,0.9856527977044476,0.9641319942611191
0.86,1.2,0.8249641319942611,1.2100430416068866,0.9856527977044476,0.9641319942611191
0.86,1.45,0.8249641319942611,1.2538020086083215,0.9856527977044476,0.9641319942611191
0.86,1.8,0.8249641319942611,1.3150645624103299,0.9856527977044476,0.9641319942611191
0.88,1.2,0.8106169296987088,1.2272596843615495,0.9856527977044476,0.9641319942611191
0.88,1.45,0.8106169296987088,1.2746054519368724,0.9856527977044476,0.9641319942611191
0.88,1.8,0.8106169296987088,1.3408895265423242,0.9856527977044476,0.9641319942611191
0.9,1.2,0.7847919655667145,1.2582496413199427,0.9856527977044476,0.9641319942611191
0.9,1.45,0.7847919655667145,1.312051649928264,0.9856527977044476,0.9641319942611191
0.9,1.8,0.7847919655667145,1.3873744619799138,0.9856527977044476,0.9641319942611191
0.92,1.2,0.7589670014347202,1.2892395982783358,0.9856527977044476,0.9641319942611191
0.92,1.45,0.7589670014347202,1.3494978479196558,0.9856527977044476,0.9641319942611191
0.92,1.8,0.7589670014347202,1.4338593974175038,0.9856527977044476,0.9641319942611191
0.94,1.2,0.7144906743185079,1.3426111908177907,0.9856527977044476,0.9641319942611191
0.94,1.45,0.7144906743185079,1.4139885222381636,0.9856527977044476,0.9641319942611191
0.94,1.8,0.7144906743185079,1.5139167862266858,0.9856527977044476,0.9641319942611191
0.96,1.2,0.6556671449067432,1.4131994261119083,0.9856527977044476,0.9641319942611191
0.96,1.45,0.6556671449067432,1.4992826398852226,0.9856527977044476,0.9641319942611191
0.96,1.8,0.6556671449067432,1.6197991391678621,0.9856527977044476,0.9641319942611191
0.98,1.2,0.5581061692969871,1.5302725968436155,0.9856527977044476,0.9641319942611191
0.98,1.45,0.5581061692969871,1.6407460545193688,0.9856527977044476,0.9641319942611191
0.98,1.8,0.5581061692969871,1.7954088952654232,0.9856527977044476,0.9641319942611191
1.0,1.2,0.0,2.2,0.9856527977044476,0.9641319942611191
1.0,1.45,0.0,2.45,0.9856527977044476,0.9641319942611191
1.0,1.8,0.0,2.8,0.9856527977044476,0.9641319942611191
