sample,label,confidence_margin,mrna_only_prob,fusion_ceiling_prob,fusion_floor_prob
GSM1423780,1,0.0282136508322123,0.4858931745838938,0.7276732794654325,0.4772951739059256
GSM1423781,1,0.0437784915455701,0.4781107542272149,0.5289694293147591,0.47014916321678907
GSM1423782,1,0.8627094614909359,0.068645269254532,0.15191698389440386,0.039324954897686434
GSM1423783,1,0.3380286960425664,0.6690143480212832,0.8841379585784592,0.7096696515109191
GSM1423784,1,0.7479998369002174,0.8739999184501087,0.9255588832577452,0.9257253618022615
GSM1423785,1,0.9998265808702992,0.9999132904351496,0.9999929534244841,0.9999921320584518
GSM1423786,1,0.9999779819328768,0.9999889909664385,0.9999221392218042,0.9999793839540908
GSM1423787,1,0.9999994117072432,0.9999997058536216,0.999934469914436,0.9999630148065644
GSM1423788,1,0.9552236958173854,0.9776118479086928,0.9943543134636667,0.9929443315948321
GSM1423789,1,0.9941166900436492,0.9970583450218248,0.999147679017208,0.9994053066753752
GSM1423790,1,0.9534584860201136,0.9767292430100568,0.996516771000305,0.9891854254694302
GSM1423791,1,0.9995921173007388,0.9997960586503696,0.999920688729904,0.9999223547640615
GSM1423792,1,0.9989503433173744,0.9994751716586872,0.999819105242761,0.999854519663344
GSM1423793,1,0.9984741430472552,0.9992370715236276,0.9998615859425256,0.9999059741072089
GSM1423794,1,0.9999243734478293,0.9999621867239146,0.9999945075907015,0.9999917313958837
GSM1423795,1,0.9999928960731066,0.9999964480365532,0.9999573647670716,0.9999641107839059
GSM1423796,1,0.9960735015197788,0.9980367507598894,0.9998699547641309,0.9996528248461782
GSM1423797,1,0.8835265413511499,0.941763270675575,0.9616628985739905,0.9671286478985032
GSM1423798,1,0.8092311241851438,0.904615562092572,0.9030126039235029,0.9200086425097608
GSM1423799,1,0.9977549112059296,0.9988774556029648,0.9998426383157113,0.9998855074966825
GSM1423800,1,0.9493634397812034,0.9746817198906016,0.9889037562516735,0.98200795841818
GSM1423801,1,0.9993790429997648,0.9996895214998824,0.9998911975603598,0.9999215438634107
GSM1423802,1,0.5804617183267338,0.7902308591633669,0.8723605687568067,0.8087654342684032
GSM1423803,1,0.6618109796609914,0.8309054898304957,0.9053212057285359,0.8789323075153114
GSM1423804,1,0.9763076054499328,0.9881538027249664,0.9923618474201464,0.9976405599572358
GSM1423805,1,0.9803392949731244,0.9901696474865622,0.994912110929521,0.9977408863371123
GSM1423806,1,0.999435430556268,0.999717715278134,0.9998453484691343,0.9998844010134565
GSM1423807,1,0.9963827076045048,0.9981913538022524,0.999844408547288,0.9994279669576581
GSM1423808,1,0.9967253605215878,0.998362680260794,0.9995524439625626,0.9997081507486317
GSM1423809,1,0.1228049199143943,0.5614024599571972,0.6475306873123746,0.5385175848145972
GSM1423810,1,0.999323458973008,0.999661729486504,0.999966296745452,0.9999633313973795
GSM1423811,1,0.8943679982539572,0.9471839991269786,0.9913853540077953,0.9776567819530212
GSM1423812,1,0.99995179710301,0.999975898551505,0.9999884434889039,0.9999943884383914
GSM1423813,1,0.994898947026347,0.9974494735131736,0.9986219969402443,0.999559832400004
GSM1423814,1,0.9958132821906184,0.9979066410953092,0.9990864448278836,0.9996678140556586
GSM1423815,1,0.8903608223037274,0.9451804111518636,0.9726404295278538,0.959287522995044
GSM1423816,1,0.9718258547853816,0.9859129273926908,0.9953903326057527,0.9937810469883632
GSM1423817,1,0.9985266391549033,0.9992633195774516,0.9998478232063968,0.9999267269628465
GSM1423818,1,0.9968629099031112,0.9984314549515556,0.9978942224634121,0.9992380985128059
GSM1423819,1,0.9998334936077332,0.9999167468038666,0.999976496681384,0.9999806527415647
GSM1423820,1,0.9981967873631734,0.9990983936815868,0.9999588826341693,0.9998842864723686
GSM1423821,1,0.999986598177631,0.9999932990888156,0.999984941030462,0.9999944486439657
GSM1423822,1,0.4348987099755543,0.7174493549877772,0.8110111729317541,0.7772161205277969
GSM1423823,1,0.9999865355737704,0.9999932677868852,0.9999484661601099,0.9999657240495279
GSM1423824,1,0.9972249346781346,0.9986124673390672,0.9999355419283532,0.9998432084400996
GSM1423825,1,0.8530396622909411,0.9265198311454704,0.984733270807842,0.9425021023371246
GSM1423826,1,0.9997430270640018,0.9998715135320008,0.9999542990154866,0.9999746703849555
GSM1423827,1,0.9991034688589984,0.9995517344294992,0.9999136930625178,0.9999428672416997
GSM1423828,1,0.9977382175255888,0.9988691087627944,0.9992199676373662,0.9994586174013947
GSM1423829,1,0.9983965290817652,0.9991982645408828,0.999785555728132,0.9999019157074295
GSM1423830,1,0.9234438131131896,0.9617219065565948,0.9835479918450025,0.9872174222312423
GSM1423831,1,0.9977600347998632,0.9988800173999316,0.9997187277308582,0.9994473825842712
GSM1423832,1,0.9991136710440364,0.999556835522018,0.9999324918373657,0.9999636998554742
GSM1423833,1,0.974769891841067,0.9873849459205336,0.9983288452015636,0.9973791536180341
GSM1423834,1,0.9989979572688086,0.9994989786344044,0.9998747154818926,0.999778333697619
GSM1423835,1,0.9985136093138958,0.999256804656948,0.999161696731435,0.9996603302525822
GSM1423836,1,0.954506812150862,0.977253406075431,0.9941964822277821,0.9922859014787663
GSM1423837,1,0.9997198248208654,0.9998599124104328,0.9999958351109695,0.9999876063240738
GSM1423838,1,0.8207633785160486,0.9103816892580244,0.940143879715958,0.924859865042473
GSM1423839,1,0.9994188421511488,0.9997094210755744,0.9999699051117891,0.999970522119657
GSM1423840,1,0.939342961910676,0.969671480955338,0.9900128514968621,0.9902102916411766
GSM1423841,1,0.871246670142261,0.9356233350711304,0.9806896766876412,0.9749536699737515
GSM1423842,1,0.989453220368611,0.9947266101843056,0.999454232606815,0.9988904891769771
GSM1423843,1,0.9909584236844348,0.9954792118422174,0.9993510367549084,0.9991123543095405
GSM1423844,1,0.9990861678184996,0.9995430839092496,0.9999762028951049,0.9999480961947357
GSM1423845,1,0.9948028421842404,0.9974014210921204,0.9995050859112404,0.9995604032195448
GSM1423846,1,0.9716790729269168,0.9858395364634585,0.992198959394756,0.9908854312453876
GSM1423847,1,0.9985677016889908,0.9992838508444954,0.999632208313772,0.9997959600110897
GSM1423848,1,0.9197767870863132,0.9598883935431566,0.9774295199809296,0.9839053776039941
GSM1423849,1,0.9610249493487562,0.980512474674378,0.998751936518913,0.9946842267156661
GSM1423850,1,0.9982286655587014,0.9991143327793508,0.9997462597814607,0.999574332606866
GSM1423851,1,0.9999986535215946,0.9999993267607972,0.9999971210601054,0.9999924131297777
GSM1423852,1,0.8111336826097826,0.9055668413048912,0.8709411126993519,0.9538176036890121
GSM1423853,1,0.9976894340464592,0.9988447170232296,0.9999110368342781,0.9998039489751422
GSM1423854,1,0.9999999382164853,0.9999999691082426,0.9999927465211674,0.9999947875288364
GSM1423855,1,0.9002422781864183,0.9501211390932092,0.969463482024179,0.9821331048357475
GSM1423856,1,0.9934956265550086,0.9967478132775044,0.998816714904071,0.999381584451681
GSM1423857,1,0.9999665618453556,0.9999832809226776,0.9999610202481377,0.9999649217476788
GSM1423858,1,0.9994708245688452,0.9997354122844224,0.999905038966476,0.9998896937453906
GSM1423859,1,0.9999998199300808,0.9999999099650404,0.9999966390840239,0.999994661580594
GSM1423860,1,0.9999169936661438,0.999958496833072,0.9999525576314489,0.9999789563800602
GSM1423861,1,0.9713897843145294,0.9856948921572648,0.9966951396482764,0.9968930894690217
GSM1423862,1,0.937000826443502,0.9685004132217512,0.9882727035059615,0.9893282917841344
GSM1423863,1,0.9040011820666244,0.9520005910333122,0.9873652011216842,0.964580262716917
GSM1423864,1,0.9979166087281092,0.9989583043640546,0.9995803487054451,0.9998878698414491
GSM1423865,1,0.9999910287549384,0.9999955143774693,0.9999459504984324,0.9999633980641056
GSM1423866,1,0.9701908133155724,0.9850954066577862,0.9938350399866858,0.9906735663739609
GSM1423867,1,0.582028273604315,0.7910141368021575,0.8466956801178129,0.8043797107793506
GSM1423868,1,0.9978415173931467,0.9989207586965734,0.9998250278326747,0.9998274822910416
GSM1423869,1,0.9990302220298356,0.999515111014918,0.9999078780225404,0.9999411996127874
GSM1423870,1,0.9563609104629952,0.9781804552314975,0.9908389697122544,0.9842543302590296
GSM1423871,1,0.999966471996342,0.999983235998171,0.9999642781567843,0.9999629556541779
GSM1423872,1,0.9997109474309862,0.9998554737154932,0.9999939220484629,0.9999862630542552
GSM1423873,1,0.9538655583874324,0.976932779193716,0.9971515418978637,0.9922160823504866
GSM1423874,1,0.9990007979515344,0.9995003989757671,0.999971749593298,0.999956568838432
GSM1423875,1,0.9964262545289144,0.9982131272644572,0.9998961262523237,0.9997209598273784
GSM1423876,1,0.7712011680780928,0.8856005840390464,0.956221732438163,0.9467672906169504
GSM1423877,1,0.9981539803118288,0.9990769901559144,0.9998388428312031,0.999900968963003
GSM1423878,1,0.9981236658196136,0.9990618329098068,0.9998539967239203,0.9998814064717708
GSM1423879,1,0.9999726079817476,0.9999863039908738,0.9999932778050961,0.9999945661111886
GSM1423880,1,0.9975656753563024,0.9987828376781512,0.9997327437113367,0.9997982328655
GSM1423881,1,0.891296103868316,0.945648051934158,0.9878519819001902,0.9596877915251949
GSM1423882,1,0.998373486793738,0.999186743396869,0.9995850345057036,0.9996421946084807
GSM1423883,1,0.9660617264169028,0.9830308632084512,0.9951733463275149,0.9952738505433687
GSM1423884,1,0.4503403776142251,0.2748298111928874,0.6263365117024084,0.25152048746209993
GSM1423885,1,0.996762196987364,0.998381098493682,0.999867225458838,0.9997429411400964
GSM1423886,1,0.3706765578454134,0.6853382789227067,0.862168270784214,0.7717286080585468
GSM1423887,1,0.9955239289893872,0.9977619644946936,0.9991387295698275,0.998833722687698
GSM1423888,1,0.9929585188936734,0.9964792594468368,0.9986077177967905,0.9993442985938954
GSM1423889,1,0.9223449776044136,0.9611724888022068,0.9614966270821764,0.9880022110466322
GSM1423890,1,0.9991371410355604,0.9995685705177804,0.9999655941030082,0.9999473301033577
GSM1423891,1,0.999975320440908,0.999987660220454,0.9999195533977446,0.9999633786059279
GSM1423892,1,0.5225895401549854,0.7612947700774927,0.5970399320951033,0.773685131798391
GSM1423893,1,0.9463664141228958,0.973183207061448,0.9971600433303538,0.9918646037903508
GSM1423894,1,0.886343423286903,0.9431717116434516,0.9885338562943558,0.9569999487438627
GSM1423895,1,0.9930438584836452,0.9965219292418226,0.999037099083814,0.999396020243381
GSM1423896,1,0.9948923797192512,0.9974461898596256,0.9994972380733315,0.9995495374317158
GSM1423897,1,0.9999982823313888,0.9999991411656944,0.999942899261904,0.9999631775272135
GSM1423898,1,0.9998981127055032,0.9999490563527516,0.9999862708838214,0.9999949910228283
GSM1423899,1,0.9105746662964572,0.9552873331482288,0.944023719160993,0.9820136023539133
GSM1423900,1,0.9996971131657132,0.9998485565828568,0.9999416801825501,0.9999697366887866
GSM1423901,1,0.9212358467040438,0.960617923352022,0.9808285844642379,0.9697140128681353
GSM1423902,1,0.8944484117091005,0.9472242058545502,0.9289372513635924,0.9810946044941057
GSM1423903,1,0.9996829172623616,0.9998414586311808,0.9999679902069099,0.999985905836213
GSM1423904,1,0.9964179874960368,0.9982089937480184,0.999837985595491,0.9996934788468599
GSM1423905,1,0.0315668011823367,0.4842165994088316,0.5553023353196672,0.4512570726121668
GSM1423906,1,0.8694774714127842,0.934738735706392,0.9541130281499057,0.9498249605480286
GSM1423907,1,0.9992487173565152,0.9996243586782576,0.9999615471838909,0.999964025073818
GSM1423908,1,0.3994941728070524,0.6997470864035262,0.9026426651790083,0.7894946261903593
GSM1423909,1,0.9445542628176355,0.9722771314088178,0.9961682792612491,0.9911339537481924
GSM1423910,1,0.993481031229058,0.996740515614529,0.9993208099358778,0.999321740113938
GSM1423911,1,0.9999874044306344,0.9999937022153172,0.9999844413506599,0.9999920212346033
GSM1423912,1,0.990642215981982,0.9953211079909908,0.9981170252807998,0.9991739290264925
GSM1423913,1,0.999965799099174,0.999982899549587,0.9999772953334065,0.9999952416759329
GSM1423914,1,0.7731965887168488,0.8865982943584244,0.9826817995366525,0.9449170719485249
GSM1423915,1,0.99079575741954,0.99539787870977,0.998812773861025,0.9982841655588457
GSM1423916,1,0.9953254677669664,0.9976627338834833,0.9991256381148055,0.9995537744402622
GSM1423917,1,0.9338212746895552,0.9669106373447776,0.9966275246137887,0.9872133976347884
GSM1423918,1,0.99989405868432,0.99994702934216,0.9999604627277445,0.9999924779568031
GSM1423919,1,0.9289181223389856,0.9644590611694928,0.9858867048802334,0.9815100080132737
GSM1423920,1,0.5101169802103978,0.7550584901051989,0.8656813681228434,0.8467329970315995
GSM1423921,1,0.9999988989648272,0.9999994494824136,0.9999908392140152,0.9999946557903412
GSM1423922,1,0.9911946706800928,0.9955973353400464,0.9989483084990486,0.9991213766636777
GSM1423923,1,0.9737575564881158,0.986878778244058,0.9959555363579015,0.9940390241286877
GSM1423924,1,0.8210692818068288,0.9105346409034144,0.9176107267841169,0.9546568255973436
GSM1423925,1,0.3366550962126948,0.6683275481063474,0.6559722674948463,0.7257882778163376
GSM1423926,1,0.9243567328863846,0.9621783664431924,0.9565262738891303,0.9877941823464989
GSM1423927,1,0.9999570253773964,0.9999785126886982,0.9999936087132694,0.9999929273380666
GSM1423928,1,0.9999837267314092,0.9999918633657046,0.9999811182991397,0.9999949199801301
GSM1423929,1,0.998841536841344,0.999420768420672,0.9998317990543918,0.9998450231389503
GSM1423930,1,0.999055216876262,0.9995276084381308,0.9999400943075212,0.9999578211380652
GSM1423931,1,0.99995587405409,0.999977937027045,0.9999881331380135,0.9999940897004018
GSM1423932,1,0.9970384724243992,0.9985192362121996,0.9996003990204774,0.9992561902088563
GSM1423933,1,0.999636463651419,0.9998182318257096,0.9999616963471848,0.9999841237856295
GSM1423934,1,0.999156363421498,0.999578181710749,0.9998846179231975,0.9999641770379857
GSM1423935,1,0.7985099920537764,0.8992549960268882,0.9743014648515119,0.9143884087756322
GSM1423936,1,0.998002673873404,0.999001336936702,0.9998075907399843,0.9998492789695701
GSM1423937,1,0.9101043592594752,0.9550521796297377,0.9854166176812451,0.9818579272909995
GSM1423938,1,0.9967673008076255,0.9983836504038128,0.9991638882330888,0.9998051440570834
GSM1423939,1,0.2931514540386266,0.6465757270193133,0.7814802875004606,0.7032030691006435
GSM1423940,1,0.9999478854848084,0.999973942742404,0.9999632399133567,0.9999789439634568
GSM1423941,1,0.1308796825985656,0.4345601587007172,0.8126288438193042,0.467549871388772
GSM1423942,1,0.9930944577774125,0.9965472288887062,0.9982702791787028,0.9987991535011549
GSM1423943,1,0.9686736589584446,0.9843368294792224,0.9960216086870796,0.9951197648903035
GSM1423944,1,0.8014664591658736,0.9007332295829368,0.9580320358414589,0.9372623370313333
GSM1423945,1,0.9998783791810528,0.9999391895905264,0.9999801661956591,0.9999922265390211
GSM1423946,1,0.9955715273717204,0.99778576368586,0.9991280196570579,0.999608270544805
GSM1423947,1,0.9930743875384108,0.9965371937692054,0.9988142526937488,0.998802070059554
GSM1423948,1,0.9833912452878176,0.9916956226439088,0.9909805308926681,0.9947821734385531
GSM1423949,1,0.9998310147516292,0.9999155073758146,0.9999800797347357,0.9999949275554898
GSM1423950,1,0.1074439050440488,0.4462780474779755,0.6335345649377259,0.4501452730674945
GSM1423951,1,0.9043336043462316,0.9521668021731158,0.9195998151068184,0.9740239763528378
GSM1423952,1,0.8574324010547625,0.9287162005273812,0.9838663281521091,0.9688298060900232
GSM1423953,1,0.9999917740203316,0.9999958870101656,0.9999879993280854,0.9999926441195695
GSM1423954,1,0.9997764119876408,0.9998882059938204,0.9999252716629338,0.9999569589143705
GSM1423955,1,0.9527923151891996,0.9763961575946,0.9910366405173836,0.9931168981353061
GSM1423956,1,0.9996873451161714,0.9998436725580856,0.9999404991271064,0.9999648086399463
GSM1423957,1,0.9931053740042874,0.9965526870021436,0.9980057274007129,0.9987711683653796
GSM1423958,1,0.9844684842746738,0.9922342421373368,0.9942383329690563,0.9950085402138279
GSM1423959,1,0.9987734745963096,0.9993867372981547,0.9999030475405067,0.9999136063393792
GSM1423960,1,0.9267793118231996,0.9633896559115998,0.9884163445453384,0.9874761853213485
GSM1423961,1,0.9999987185472636,0.9999993592736318,0.9999924356420625,0.9999956363464865
GSM1423962,1,0.8292301563936957,0.9146150781968478,0.9610566215664588,0.9616816398762353
GSM1423963,1,0.9621824884117648,0.9810912442058825,0.9960239661656195,0.9909993723753127
GSM1423964,1,0.9544760661986254,0.9772380330993128,0.9931585295692038,0.9841440333000946
GSM1423965,1,0.7831636030730316,0.8915818015365158,0.9722142800292112,0.9363670197910198
GSM1423966,1,0.8975589227148764,0.9487794613574382,0.9885108858387502,0.9827255483507481
GSM1423967,1,0.9214693120022026,0.9607346560011012,0.9919541744633139,0.9699037386948207
GSM1423968,1,0.9341341339367264,0.9670670669683632,0.9746758046041365,0.9829975393224204
GSM1423969,1,0.999787224978392,0.999893612489196,0.9999698544789942,0.9999906585914492
GSM1423970,1,0.946429046540737,0.9732145232703684,0.9751659509380632,0.9926284526442208
GSM1423971,1,0.536804083815277,0.7684020419076385,0.8123344774748036,0.8466482851589097
GSM1423972,1,0.9700016423806854,0.9850008211903428,0.9984006514389238,0.9960105384318771
GSM1423973,1,0.9930667773042524,0.9965333886521262,0.9993970464041596,0.9992938699980942
GSM1423974,1,0.9994992199111608,0.9997496099555804,0.99992717650718,0.9999769618351232
GSM1423975,1,0.7736385091578384,0.8868192545789192,0.9570760657608728,0.9296914085700334
GSM1423976,1,0.9798397181538387,0.9899198590769194,0.9965880797217911,0.9955355619903699
GSM1423977,1,0.9999150520493748,0.9999575260246876,0.9999867347776664,0.9999948131058654
GSM1423978,1,0.9151136956520488,0.9575568478260243,0.9729172071250473,0.9776588503838681
GSM1423979,1,0.9866800580887958,0.993340029044398,0.9996566571154486,0.9988096110345496
GSM1423980,1,0.8530968082859225,0.9265484041429612,0.8873627128134322,0.9675842331793281
GSM1423981,1,0.932759301828466,0.966379650914233,0.9893996759911221,0.9902359927548932
GSM1423982,1,0.9885032812902146,0.9942516406451072,0.9944327863765011,0.9966791262265762
GSM1423983,1,0.9332217030194048,0.9666108515097024,0.9802060216004582,0.9896170143322859
GSM1423984,1,0.999988698298139,0.9999943491490696,0.9996302553305496,0.9999670303213588
GSM1423985,1,0.7703987751176082,0.8851993875588041,0.9861512652305101,0.9330977604528737
GSM1423986,1,0.9881483246041384,0.9940741623020692,0.9994097415882182,0.9989191524001976
GSM1423987,1,0.9567730700093606,0.9783865350046804,0.996647128861011,0.9920259910307431
GSM1423988,1,0.97550987081879,0.9877549354093952,0.9980328658910417,0.9971450365126343
GSM1423989,1,0.9999854415432168,0.9999927207716084,0.9999951766493947,0.9999951334490752
GSM1423990,1,0.99689378578764,0.99844689289382,0.9996429593189269,0.9997223729769792
GSM1423991,1,0.9999920298513736,0.9999960149256868,0.9999275332991758,0.999991996400694
GSM1423992,1,0.9845527669433474,0.9922763834716736,0.9979142701364595,0.998429482475582
GSM1423993,1,0.999116603302804,0.999558301651402,0.9998273052266873,0.9999522734058288
GSM1423994,1,0.9927134643609652,0.9963567321804826,0.9988037719159775,0.9979143260284016
GSM1423995,1,0.8529577097266325,0.9264788548633164,0.992740016626478,0.9429731470455583
GSM1423996,1,0.9987241713131024,0.9993620856565512,0.9996303170360705,0.9997133618277073
GSM1423997,1,0.9954562153623052,0.9977281076811526,0.9993943018252466,0.9997263945660697
GSM1423998,1,0.960457282982948,0.980228641491474,0.997434600674511,0.9943729666271952
GSM1423999,1,0.2336315719250545,0.6168157859625273,0.8344197968141321,0.6825180467787474
GSM1424000,1,0.8591969331573732,0.9295984665786866,0.9617823776238029,0.9573146484513668
GSM1424001,1,0.999848794582496,0.999924397291248,0.9999763929739878,0.9999783797201561
GSM1424002,1,0.999996441438728,0.999998220719364,0.999848869994465,0.9999635685528092
GSM1424003,1,0.9923217442522424,0.9961608721261213,0.9986037213498168,0.9986207698332737
GSM1424004,1,0.981938018827338,0.9909690094136688,0.9986084915825126,0.9977950168032425
GSM1424005,1,0.9789948574744388,0.9894974287372194,0.9981726241437139,0.9968348724355741
GSM1424006,1,0.9903921158675506,0.9951960579337752,0.9995177259825165,0.9989759136201369
GSM1424007,1,0.9997887435871136,0.9998943717935568,0.9999747191276765,0.9999775155439673
GSM1424008,1,0.956078272106894,0.978039136053447,0.9944091520828736,0.9937715774924311
GSM1424009,1,0.9790545614834372,0.9895272807417186,0.995748385021524,0.995580717279996
GSM1424010,1,0.1362767519012206,0.4318616240493896,0.863302810490911,0.45007918292344246
GSM1424011,1,0.9380551197421412,0.9690275598710706,0.9915968964471399,0.9905790700162299
GSM1424012,1,0.9988964577309308,0.9994482288654654,0.9999395338021496,0.9999280863290279
GSM1424013,1,0.8776066902026607,0.9388033451013305,0.9832285461035268,0.9731285915578834
GSM1424014,1,0.996487678193784,0.998243839096892,0.9995698568443746,0.9994268348002661
GSM1424015,1,0.9292905764273212,0.9646452882136606,0.9903496289415714,0.9804307450450422
GSM1424016,1,0.5152653824288698,0.7576326912144349,0.9293998895521411,0.7640883356867155
GSM1424017,1,0.9953307169822984,0.9976653584911492,0.9997732607078009,0.9995660531253795
GSM1424018,1,0.9893305719084372,0.9946652859542188,0.9977478917171827,0.9980460155677902
GSM1424019,1,0.9998661414025568,0.9999330707012783,0.9999616779654285,0.9999796988687562
GSM1424020,1,0.9955101550603096,0.9977550775301548,0.9996345523477785,0.9996056093224867
GSM1424021,1,0.9999061639441996,0.9999530819721,0.9999801852756003,0.9999798569721333
GSM1424022,1,0.9999892714900204,0.9999946357450102,0.9999830790245274,0.9999917561228917
GSM1424023,1,0.9967421639334,0.9983710819667,0.9992492322157643,0.9997143399219179
GSM1424024,1,0.9995379493641348,0.9997689746820674,0.9998942871721682,0.999945697708195
GSM1424025,1,0.9999826734836432,0.9999913367418216,0.9999581908857232,0.9999806216734247
GSM1424026,1,0.9909086300570128,0.9954543150285065,0.9992991203098004,0.9989652140275809
GSM1424027,1,0.9915398615588488,0.9957699307794244,0.9986609564407785,0.9990189152643264
GSM1424028,1,0.9880495550645584,0.9940247775322792,0.9989783316377198,0.9985113829876042
GSM1424029,1,0.9743746981512014,0.9871873490756008,0.9911866227999278,0.9972707846007655
GSM1424030,1,0.9952145128827106,0.9976072564413552,0.999239481558777,0.9987801408179441
GSM1424031,1,0.9904321074359266,0.9952160537179632,0.9956848745674287,0.997234965934851
GSM1424032,1,0.9999748023631014,0.9999874011815508,0.9999755329772155,0.99999161495982
GSM1424033,1,0.9932014880349692,0.9966007440174846,0.9985287204660221,0.9988524847761056
GSM1424034,1,0.987445281131339,0.9937226405656696,0.9988233354857536,0.998496973523738
GSM1424035,1,0.996735492461714,0.998367746230857,0.9999244314275053,0.9997123928739652
GSM1424036,1,0.99913760731522,0.99956880365761,0.9999610292638176,0.9999604558552236
GSM1424037,1,0.9948243248170184,0.9974121624085092,0.9973412352078751,0.9991509244754087
GSM1424038,1,0.9996431191058291,0.9998215595529146,0.9999163819535887,0.9999848154679822
GSM1424039,1,0.999848042486239,0.9999240212431196,0.9999899982885837,0.9999922528827369
GSM1424040,1,0.995442108881474,0.997721054440737,0.9998414413029648,0.99966737529003
GSM1424041,1,0.998480660789064,0.999240330394532,0.9997687292792474,0.9999011560220742
GSM1424042,1,0.989362567423696,0.994681283711848,0.9989087436955729,0.9987713215005335
GSM1424043,1,0.9183221830131488,0.9591610915065744,0.9820893453408602,0.9774158180557124
GSM1424044,1,0.9473593293455906,0.9736796646727952,0.9778033366765062,0.9902275932769783
GSM1424045,1,0.9751707001940428,0.9875853500970214,0.9964055430909955,0.9969767317001667
GSM1424046,1,0.6122525220753672,0.8061262610376836,0.9238092578082573,0.8878301317092215
GSM1424047,1,0.8653677447881283,0.932683872394064,0.9552227297168963,0.9620863225417409
GSM1424048,1,0.9957101436078672,0.9978550718039336,0.9990213025398287,0.999306078273241
GSM1424049,1,0.999976717954014,0.999988358977007,0.9999731292183959,0.9999793316692454
GSM1424050,1,0.296676577904221,0.3516617110478895,0.5052944517384028,0.3449756735284132
GSM1424051,1,0.9999284557122629,0.9999642278561314,0.999983990402603,0.9999940590357951
GSM1424052,1,0.9966983812769736,0.9983491906384868,0.9996478161937138,0.9995090783582387
GSM1424053,1,0.9995740378435448,0.9997870189217724,0.999668349773564,0.9999818339066933
GSM1424054,1,0.9854380355705564,0.9927190177852784,0.9967082245762925,0.9983497013252832
GSM1424055,1,0.9999994159263248,0.9999997079631624,0.9999802892379915,0.9999940996454588
GSM1424056,1,0.936983236822367,0.9684916184111836,0.9786755394026719,0.9880487881256701
GSM1424057,1,0.0122670731066401,0.50613353655332,0.8110132558476275,0.5630339599869901
GSM1424058,1,0.9808633257391716,0.9904316628695856,0.9950721859140554,0.997096270425069
GSM1424059,1,0.9998462592071125,0.9999231296035562,0.9999895451179786,0.9999946582536748
GSM1424060,1,0.9999975292110868,0.9999987646055434,0.9999946845455104,0.9999917998725616
GSM1424061,1,0.8829615212615596,0.9414807606307798,0.9386730074255402,0.9530208270696551
GSM1424062,1,0.9997072289949251,0.9998536144974626,0.9999890343595671,0.9999890823351363
GSM1424063,1,0.9956197923903656,0.9978098961951828,0.9997238942406832,0.9989027603848329
GSM1424064,1,0.9818564217860596,0.9909282108930298,0.9987604781985724,0.9975630333810744
GSM1424065,1,0.0730978864713418,0.5365489432356709,0.6302979062779059,0.5207336859122178
GSM1424066,1,0.9964599256097024,0.9982299628048512,0.9997542140999173,0.9994424344982246
GSM1424067,1,0.9920877155279988,0.9960438577639994,0.9990456754947566,0.9985482916888331
GSM1424068,1,0.9672282722709138,0.9836141361354568,0.9980499864670767,0.9958754491359101
GSM1424069,1,0.9921489647655992,0.9960744823827996,0.998941136247414,0.9978345678400304
GSM1424070,1,0.8177933115837057,0.9088966557918527,0.9633170983957231,0.922146918601766
GSM1424071,1,0.9730722698866224,0.9865361349433112,0.9932289193264593,0.9910564136000546
GSM1424072,1,0.9960464971889788,0.9980232485944894,0.9984268859115684,0.9997523026231079
GSM1424073,1,0.999762984818674,0.999881492409337,0.9999852569481134,0.9999938059190685
GSM1424074,1,0.9911056958107942,0.9955528479053972,0.9986439266427221,0.999065028443272
GSM1424075,1,0.245266831130871,0.6226334155654355,0.8209468602715225,0.6659252420061302
GSM1424076,1,0.9997495385284568,0.9998747692642284,0.9997979900945385,0.9999730254659843
GSM1424077,1,0.9999628713292004,0.9999814356646002,0.9999931762507717,0.9999947441884558
GSM1424078,1,0.9811793984016884,0.9905896992008442,0.9961793512307825,0.9942208819205992
GSM1424079,1,0.7017849125392615,0.8508924562696307,0.9734800536876368,0.8956643522731059
GSM1424080,1,0.9883333921423278,0.994166696071164,0.999276932755081,0.998766593185158
GSM1424081,1,0.9997848503932734,0.9998924251966368,0.9999752014775419,0.9999910271582212
GSM1424082,1,0.9972027523769704,0.9986013761884852,0.9992995232814896,0.9995685276530688
GSM1424083,1,0.9748571973524712,0.9874285986762356,0.9962570440440199,0.9921433742197263
GSM1424084,1,0.9961890924311216,0.9980945462155608,0.9995555658544172,0.9996598600506003
GSM1424085,1,0.975764802025798,0.9878824010128988,0.9935811095883545,0.9948302331402727
GSM1424086,1,0.7289212631274993,0.8644606315637496,0.9149564359635212,0.9162406077488628
GSM1424087,1,0.9999591744863348,0.9999795872431674,0.9999718893305888,0.9999790090357744
GSM1424088,1,0.9999805796125834,0.9999902898062916,0.9999834699083271,0.9999931095878473
GSM1424089,1,0.7527751773480464,0.8763875886740232,0.9417147433283303,0.8867770098143772
GSM1424090,0,0.9866795915451604,0.0066602042274197,0.00044481625751826805,0.0018448951311595366
GSM1424091,0,0.998244317766528,0.000877841116736,0.000317080326609702,0.00033792257198596504
GSM1424092,0,0.6523345517876322,0.1738327241061838,0.06989516433804677,0.12749878449511512
GSM1424093,0,0.9884963141642584,0.0057518429178708,0.0029570884415560895,0.002802657995100697
GSM1424094,0,0.9970260555551408,0.0014869722224296,0.0002741205406753093,0.00026264166375673467
GSM1424095,0,0.5759182953593975,0.7879591476796988,0.6713031399332942,0.8383278359620479
GSM1424096,0,0.9918123625637256,0.0040938187181372,0.0007029488701787872,0.0009289825761106674
GSM1424097,0,0.9977748762673824,0.0011125618663087,0.000465197263205532,0.00019487425839398545
GSM1424098,0,0.8904699325731563,0.0547650337134218,0.015047838495995731,0.03464327114452483
GSM1424099,0,0.1745524205896952,0.4127237897051524,0.21907388382756968,0.4299928390247201
GSM1424100,0,0.9585165279105676,0.9792582639552838,0.9848005786390546,0.9927265749443767
GSM1424101,0,0.9823474356150228,0.0088262821924885,0.0038845052528077464,0.0031026573043111843
GSM1424102,0,0.9410091592147825,0.0294954203926087,0.004472934471757231,0.014282510851382216
GSM1424103,0,0.9936858844867604,0.0031570577566197,0.0015137525933559548,0.0010343984030684913
GSM1424104,0,0.9491371267197436,0.0254314366401282,0.011083655291749227,0.01859777183205226
GSM1424105,0,0.9858245337909048,0.0070877331045476,0.0017844589904437598,0.0018031614223089916
GSM1424106,0,0.9836254593876332,0.0081872703061833,0.015223471432692873,0.002874229862921857
GSM1424107,0,0.9820958744274496,0.0089520627862751,0.002273426311836752,0.0025721599900419417
GSM1424108,0,0.9987622154415906,0.0006188922792046,7.333874301554992e-05,0.00011161443063514537
GSM1424109,0,0.2452513690569868,0.6226256845284934,0.7103037384593476,0.6752047284028632
GSM1424110,0,0.9007283023612408,0.0496358488193796,0.02746274341832635,0.025680232141715862
GSM1424111,0,0.9629073633538744,0.0185463183230628,0.004308391970254021,0.006096337749955943
GSM1424112,0,0.942440023436638,0.0287799882816809,0.01604364622282031,0.01719099366275588
GSM1424113,0,0.0622386078422595,0.4688806960788702,0.4242922717101158,0.4725059253779653
GSM1424114,0,0.907129693173148,0.046435153413426,0.00858520179883279,0.02267238991910555
GSM1424115,0,0.956133178286066,0.021933410856967,0.00676795294752394,0.007837963690250787
GSM1424116,0,0.999286435409566,0.0003567822952169,0.0003509550117590141,0.00012287421190585628
GSM1424117,0,0.9991187492499513,0.0004406253750243,0.00015510761901562509,0.00016070717715360876
GSM1424118,0,0.8675688015216169,0.0662155992391915,0.03951592475911508,0.0399233903804788
GSM1424119,0,0.681763533042805,0.1591182334785975,0.028970527058714966,0.13153676202450612
GSM1424120,0,0.99986826776152,6.58661192399898e-05,6.793601181783073e-06,1.0553670274827744e-05
GSM1424121,0,0.9132643458909088,0.0433678270545456,0.028574495112853225,0.02868338349899751
GSM1424122,0,0.8509342282065131,0.0745328858967434,0.012871855918168543,0.06107114889913501
GSM1424123,0,0.6772895161121977,0.1613552419439012,0.1291181442524283,0.1428845330053993
GSM1424124,0,0.999634611106302,0.0001826944468489,2.740659886463057e-05,5.906084654337368e-05
GSM1424125,0,0.9584674909199612,0.0207662545400193,0.017237301355087362,0.014097943569309993
GSM1424126,0,0.99375931433244,0.0031203428337799,0.0015390865256292696,0.0015142226489705999
GSM1424127,0,0.9958293424140038,0.0020853287929981,6.789518662648533e-05,0.0003560513790944869
GSM1424128,0,0.999803809261524,9.809536923793342e-05,7.075645555341596e-06,7.3957241541909495e-06
GSM1424129,0,0.0277772918895499,0.486111354055225,0.3163391203854965,0.5204263558064514
GSM1424130,0,0.9582493746134226,0.0208753126932886,0.012004482981077013,0.008117841681674159
GSM1424131,0,0.9957301080167142,0.0021349459916428,0.0007729557114942217,0.00037019092650731586
GSM1424132,0,0.9676378199376676,0.0161810900311661,0.0009307593788493898,0.009288589268239186
GSM1424133,0,0.99906990743227,0.000465046283865,7.902090986328278e-05,5.711433049673951e-05
GSM1424134,0,0.9920199272583102,0.0039900363708448,0.0003715144662917299,0.001018606027591853
GSM1424135,0,0.9989685752214864,0.0005157123892568,0.00010385134798240364,7.04754192062949e-05
GSM1424136,0,0.6824262371921288,0.1587868814039356,0.06265999977391881,0.1356942570487338
GSM1424137,0,0.993900662442289,0.0030496687788554,0.0005115847494385323,0.0014747950594641106
GSM1424138,0,0.986756196936203,0.0066219015318984,0.002976124926354647,0.003456216886269759
GSM1424139,0,0.990077139632075,0.0049614301839624,0.00398984418229317,0.0012588689750091828
GSM1424140,0,0.9936135919976432,0.0031932040011784,0.0009045346938612314,0.0007343573272020054
GSM1424141,0,0.973687703023588,0.013156148488206,0.011423096574548146,0.007001908402372291
GSM1424142,0,0.9910874429591232,0.0044562785204383,0.010353753300791725,0.002304340615102
GSM1424143,0,0.9493601861599216,0.0253199069200391,0.002080194016235159,0.010782838106577
GSM1424144,0,0.9807504333971576,0.0096247833014212,0.004043620300033225,0.005623364431013437
GSM1424145,0,0.7578114814042849,0.1210942592978575,0.03405859422898707,0.08853538944165469
GSM1424146,0,0.6888473248773599,0.15557633756132,0.01974930421830042,0.1453216373355409
GSM1424147,0,0.9826420274725816,0.0086789862637092,0.00199972207285509,0.00502007096996518
GSM1424148,0,0.996546383511481,0.0017268082442595,0.00020365234805062548,0.00029264334256894834
GSM1424149,0,0.9292718873706696,0.0353640563146652,0.0029005240438108497,0.021500031269107992
GSM1424150,0,0.8411809951935536,0.0794095024032231,0.061565389623840006,0.05100295566638107
GSM1424151,0,0.9971091277032746,0.0014454361483627,2.03046325207563e-05,0.00023601267888269424
GSM1424152,0,0.8898982026933063,0.0550508986533468,0.04157656567687803,0.03734785265800049
GSM1424153,0,0.9978485255992976,0.0010757372003511,4.7484744401076656e-05,0.00015078112671419407
GSM1424154,0,0.3289609657741642,0.3355195171129179,0.2018276163220614,0.34446585264542945
GSM1424155,0,0.9571127779811788,0.0214436110094105,0.007858082320783211,0.011878772792715693
GSM1424156,0,0.9789969455452244,0.0105015272273878,0.0027396033492298522,0.003281110741394405
GSM1424157,0,0.9960062778462436,0.0019968610768781,0.00031628317954752105,0.0003837451550573488
GSM1424158,0,0.9663893037526692,0.0168053481236654,0.004595762882947104,0.006756212425137899
GSM1424159,0,0.9888964549908008,0.0055517725045995,0.0009947758664268984,0.00149210414392483
GSM1424160,0,0.976436387199747,0.0117818064001265,0.004446671448642784,0.003304086714548353
GSM1424161,0,0.543434343459483,0.7717171717297415,0.5637751792983565,0.8469680812691742
GSM1424162,0,0.973828194032322,0.013085902983839,0.029056467302648735,0.007665101124238679
GSM1424163,0,0.99647947212601,0.0017602639369949,0.00015364570441063927,0.00027761922860284585
GSM1424164,0,0.9355386950509532,0.0322306524745234,0.0018839215956778987,0.013326506484043042
GSM1424165,0,0.9473691373842696,0.0263154313078651,0.008988938921249193,0.011799195390841132
GSM1424166,0,0.9944244546217292,0.0027877726891353,0.0002843331311110132,0.001246726494446381
GSM1424167,0,0.2650582318668448,0.6325291159334224,0.22911561072804737,0.703929201919159
GSM1424168,0,0.9985615314797048,0.0007192342601475,0.000229994922170931,0.00011883349116797106
GSM1424169,0,0.7396107209021373,0.1301946395489313,0.09860350370606735,0.09049868523336983
GSM1424170,0,0.1643018322988132,0.4178490838505934,0.21326926422463355,0.38845551500082
GSM1424171,0,0.987437595660573,0.0062812021697135,0.0011289993668088557,0.0016471070595766792
GSM1424172,0,0.7988872779698218,0.1005563610150891,0.02366100198897681,0.08504836575187119
GSM1424173,0,0.6744142894008345,0.8372071447004172,0.7577354384635043,0.910516536491757
GSM1424174,0,0.9166519051442036,0.0416740474278981,0.04611285378599928,0.01963854604834098
GSM1424175,0,0.998433340059593,0.0007833299702034,9.04125369376598e-05,0.0003025638013003662
GSM1424176,0,0.9963729527271452,0.0018135236364273,9.429782566946555e-05,0.0007651507439715425
GSM1424177,0,0.9976529652145308,0.0011735173927346,0.0013893373817785242,0.0002203258019919414
GSM1424178,0,0.9765838572250148,0.0117080713874926,0.013293929796946352,0.004432517670413569
GSM1424179,0,0.9912684984317308,0.0043657507841345,0.002054837622984579,0.0023343987262598102
GSM1424180,0,0.9265296729281628,0.0367351635359185,0.016336984959162852,0.01647396203935979
GSM1424181,0,0.9986598743665924,0.0006700628167038,5.154778741459332e-05,0.0002594811208865121
GSM1424182,0,0.9824775035954132,0.0087612482022934,0.0010594426964204505,0.004392542156737522
GSM1424183,0,0.9958191323770992,0.0020904338114503,0.00013035389341891832,0.00040672744124355586
GSM1424184,0,0.9660898224095272,0.0169550887952363,0.0011459992278411277,0.006483271043551028
GSM1424185,0,0.3288122683455966,0.3355938658272017,0.16247793325594415,0.28943344328123827
GSM1424186,0,0.9976688797544294,0.0011655601227853,0.0005150330864577647,0.0004673172564113438
GSM1424187,0,0.9560544773306662,0.0219727613346669,0.002622293874337305,0.008464435205247475
GSM1424188,0,0.9975809834311902,0.0012095082844049,0.0005246527601721916,0.00047846619872427297
GSM1424189,0,0.9730829020386648,0.0134585489806676,0.005315338201778293,0.007754145598272803
GSM1424190,0,0.9930807387708024,0.0034596306145988,0.0005351782856077272,0.001095919869148814
GSM1424191,0,0.9905815048605454,0.0047092475697273,0.0007413249588252319,0.0011560839827545791
GSM1424192,0,0.9655486910846548,0.0172256544576726,0.010111372562930925,0.010876661128747538
GSM1424193,0,0.9981053771458,0.0009473114271,0.00011338678935754318,0.00015720113822216634
GSM1424194,0,0.8910075133080021,0.0544962433459989,0.025935537722703347,0.03588512769703108
GSM1424195,0,0.6459293971817841,0.1770353014091079,0.068977299760949,0.1316314597488743
GSM1424196,0,0.7505763382220672,0.1247118308889664,0.06880277641543872,0.09589098486343099
GSM1424197,0,0.9980578713941322,0.0009710643029339,0.00019621896080599538,0.00013822699736890914
GSM1424198,0,0.7090235883149574,0.8545117941574787,0.8211996144777371,0.9148426985398759
GSM1424199,0,0.9989567040695214,0.0005216479652393,0.00021294911868841292,0.00018545643220256708
GSM1424200,0,0.98763512649009,0.0061824367549549,0.0005323387385051054,0.0018755219948581297
GSM1424201,0,0.9317154898280596,0.0341422550859701,0.026509259935269563,0.021127460693666323
GSM1424202,0,0.9970936054437912,0.0014531972781044,0.00031012952921364423,0.0006061748248255024
GSM1424203,0,0.9964709058261522,0.0017645470869238,4.198022931527829e-05,0.00035559415834190245
GSM1424204,0,0.9996766584785204,0.0001616707607398,4.968064285720388e-05,4.9850196035001314e-05
GSM1424205,0,0.9965881818422124,0.0017059090788937,0.0013004778715314743,0.0007610279531013365
GSM1424206,0,0.9463072727437786,0.0268463636281106,0.021964367480231325,0.018085524542084
GSM1424207,0,0.9979418183897169,0.0010290908051415,0.00028733650244457446,0.00020507855409118358
GSM1424208,0,0.9850566526108931,0.0074716736945533,0.0029236663538287485,0.001884828438304125
GSM1424209,0,0.7624694361507739,0.118765281924613,0.010705273654073437,0.08003820726406613
GSM1424210,0,0.690437088036136,0.154781455981932,0.014015272529649568,0.14875877987527078
GSM1424211,0,0.9861838332173156,0.9930919166086578,0.9910484356751621,0.9987438600793316
GSM1424212,0,0.9966055254045352,0.0016972372977324,0.0004325268586586428,0.0007430656672376909
GSM1424213,0,0.874818387675506,0.937409193837753,0.9141698842081589,0.9733024649257569
GSM1424214,0,0.9958572093072742,0.0020713953463628,0.004415280781590186,0.0008987645512969218
GSM1424215,0,0.6926689626169581,0.1536655186915209,0.3136193307646982,0.1370157838889623
GSM1424216,0,0.7253043393886257,0.1373478303056871,0.020676206482415756,0.10968616663588743
GSM1424217,0,0.1373754616970945,0.4313122691514527,0.20335758702407797,0.46904635848286236
GSM1424218,0,0.0940673373719139,0.452966331314043,0.4005546472783639,0.49970374582179206
GSM1424219,0,0.516306094696716,0.758153047348358,0.3688289204316949,0.8430548336260518
GSM1424220,0,0.8382793591239318,0.0808603204380341,0.03089044026453433,0.0640265641449884
GSM1424221,0,0.9953154809957646,0.0023422595021177,0.0008723341250607739,0.0011119714022921714
GSM1424222,0,0.4865337497238975,0.7432668748619488,0.3975937072377169,0.8236328768811909
GSM1424223,0,0.9894442054531584,0.0052778972734207,0.0023239819443102764,0.0024899964281719297
GSM1424224,0,0.9927549536468848,0.0036225231765576,0.00038962412415006163,0.0009712854726876262
GSM1424225,0,0.939135718355062,0.030432140822469,0.02203134152960639,0.017905620120926075
GSM1424226,0,0.9847210897641766,0.0076394551179117,0.001669270124920894,0.003928666122234935
GSM1424227,0,0.9963529133813024,0.0018235433093487,0.00023257647049960384,0.0004773739732231648
GSM1424228,0,0.9701364299712416,0.0149317850143791,0.0013533076927212267,0.005467733485468511
GSM1424229,0,0.9947093489093402,0.0026453255453299,0.001344741113527083,0.0011643863224694716
GSM1424230,0,0.9584441883809324,0.0207779058095338,0.011080705666448231,0.008350786871265711
GSM1424231,0,0.988279131225346,0.0058604343873269,0.0005500483404435435,0.0032192365380145273
GSM1424232,0,0.980149518175994,0.009925240912003,0.0036492033300068653,0.0038376146535775047
GSM1424233,0,0.976124642807344,0.0119376785963279,0.002935570789615482,0.003869130655080682
GSM1424234,0,0.9955488945796476,0.0022255527101761,0.00036717588230428125,0.0004628255083200527
GSM1424235,0,0.9981766092902384,0.0009116953548807,0.0012114122330033812,0.00034092222142647835
GSM1424236,0,0.9380644908973156,0.0309677545513421,0.0068638364506851185,0.018693837347189143
GSM1424237,0,0.9749095624458812,0.0125452187770593,0.0031739820963443445,0.00423608058460987
GSM1424238,0,0.958182422483866,0.020908788758067,0.004948195280823713,0.007818162276155876
GSM1424239,0,0.978353648827446,0.0108231755862769,0.0009374100132463007,0.003932857178281506
GSM1424240,0,0.9965042030834428,0.0017478984582785,0.00022754584069582397,0.0007491104626104779
GSM1424241,0,0.983605095856035,0.0081974520719825,0.008901383183933508,0.004676854157301814
GSM1424242,0,0.9197186539092348,0.0401406730453825,0.013468483109800002,0.017976336282124077
GSM1424243,0,0.9746783369415182,0.0126608315292409,0.007487669008610125,0.006779502316164917
GSM1424244,0,0.8527714546405736,0.0736142726797132,0.20263480471930043,0.05682590113803598
GSM1424245,0,0.9288849125902756,0.0355575437048622,0.051619924585613715,0.017113581243742758
GSM1424246,0,0.9964295148591512,0.0017852425704244,5.133189272077664e-05,0.00039514727786759
GSM1090501,1,0.1459712063198603,0.5729856031599302,0.8061195066056528,0.6112142812736174
GSM1090502,1,0.3567572643957946,0.6783786321978973,0.9000354620914943,0.7554268755997621
GSM1090503,0,0.9981268032059386,0.0009365983970307,0.0002361067479908373,0.00036626783890620414
GSM1090504,0,0.514488127003995,0.2427559364980024,0.1189786201604171,0.21178351252897795
GSM1090505,1,0.8148735009390826,0.9074367504695412,0.9761500532559236,0.9561566249445459
GSM1090506,1,0.9999811285404144,0.9999905642702072,0.9999688019609768,0.9999788146227852
GSM1090507,0,0.61528248864377,0.1923587556781149,0.15883479731886307,0.14507919737209432
GSM1090508,1,0.9999993292835097,0.9999996646417548,0.9999582046494346,0.9999929023600804
GSM1090509,0,0.9960679364681057,0.0019660317659472,0.0005821607672027172,0.0005392506084025359
GSM1090510,1,0.9551983663238566,0.9775991831619284,0.9931279323272147,0.9891621008496898
GSM1090511,1,0.9989857689822954,0.9994928844911476,0.9999403264554579,0.9999560070582962
GSM1090512,1,0.9990291263962312,0.9995145631981156,0.9999323101192283,0.9999562694251136
GSM1090513,1,0.8858790725495944,0.9429395362747972,0.9396507999272071,0.9727186061813701
GSM1090514,0,0.9916085428653144,0.0041957285673428,0.0007576862458415308,0.0010691810848201424
GSM1090515,1,0.99931675726877,0.999658378634385,0.9998952455602441,0.9999084111260699
GSM1090516,1,0.5143361297602518,0.7571680648801259,0.8751649117033462,0.7664915982909223
GSM1090517,1,0.6450018418890551,0.8225009209445275,0.9437267335007551,0.8374391669131209
GSM1090518,1,0.9840793300298998,0.99203966501495,0.997394033617913,0.9952789119869566
GSM1090519,1,0.998370177973016,0.999185088986508,0.999867246497183,0.9998806171826039
GSM1090520,1,0.0784532162518282,0.4607733918740859,0.8159277694351192,0.49638332204749436
GSM1090521,1,0.9988741807015882,0.999437090350794,0.9999534923341568,0.9999343393947504
GSM1090522,1,0.8685373639308138,0.9342686819654068,0.9557759238320146,0.9467932863170258
GSM1090523,0,0.9979384515192168,0.0010307742403916,0.0002915501316970157,0.0004248771080338768
GSM1090524,1,0.9975709857527928,0.9987854928763964,0.9999350661340884,0.999831797007915
GSM1090525,1,0.891757022576154,0.945878511288077,0.9826070143832473,0.9686412730571925
GSM1090526,1,0.9969684617327697,0.9984842308663848,0.998583780013385,0.9994893834518908
GSM1090527,1,0.999771860621518,0.999885930310759,0.9999738560851428,0.999990292195466
GSM1090528,0,0.8362589359734509,0.0818705320132745,0.05057995081327995,0.052981798606743576
GSM1090529,0,0.0535206547605007,0.4732396726197496,0.6642073988441752,0.49533397283234115
GSM1090530,1,0.9980147476757026,0.9990073738378512,0.9997943080792355,0.9998974700746169
GSM1090531,1,0.9999781719124314,0.9999890859562156,0.9999864037280394,0.9999923231816612
GSM1090532,1,0.9995922818529308,0.9997961409264654,0.9999758836939258,0.9999861506553933
GSM1090533,0,0.980409654517426,0.009795172741287,0.0011066664263813038,0.00318784340871525
GSM1090534,1,0.8512358472009851,0.9256179236004926,0.9899061701262091,0.9386943618903245
GSM1090535,1,0.9982335213124158,0.999116760656208,0.9999082493953547,0.9999121639889793
GSM1090536,1,0.7960918638645034,0.8980459319322517,0.9652726171492818,0.9588963098955852
GSM1090537,1,0.999843415268981,0.9999217076344904,0.9998182331090572,0.9999633839222893
GSM1090538,0,0.9337340862538186,0.0331329568730907,0.00871267691417392,0.014262604703625389
GSM1090539,1,0.9997588988116042,0.999879449405802,0.9999871951762226,0.9999898089887183
GSM1090540,1,0.997973365391227,0.9989866826956136,0.9996099701605348,0.9995236704677914
GSM1090541,1,0.9980865834567538,0.9990432917283768,0.999834752836494,0.999865882987362
GSM1090542,0,0.9900907240584416,0.0049546379707791,0.001332429213578543,0.0026834421564568747
GSM1090543,1,0.8998009228020152,0.9499004614010076,0.9396623115120629,0.9616155233371616
GSM1090544,1,0.9988585913446086,0.9994292956723044,0.9999625724107516,0.9999501578732715
GSM1090545,0,0.9851897036763888,0.0074051481618055,0.00027676691590998415,0.002042244776354089
GSM1090546,0,0.9751916268835942,0.0124041865582029,0.00835692027553946,0.007520405503765508
GSM1090547,1,0.9636695496635436,0.9818347748317718,0.9861413641662751,0.9875704627410273
GSM1090548,1,0.8900568429854636,0.9450284214927318,0.9909039224294417,0.9769750279043516
GSM1090549,1,0.9989229617152616,0.9994614808576308,0.9999099790814182,0.9999300910713366
GSM1090550,1,0.911953912577102,0.955976956288551,0.9799063441396594,0.9770130228560885
GSM1090551,1,0.9594203861350524,0.9797101930675264,0.998316160094905,0.9924953881202484
GSM1090552,0,0.9156837757889708,0.0421581121055146,0.01530419416487878,0.030553971657745347
GSM1090553,1,0.9435615139398816,0.9717807569699408,0.9735221605536359,0.9907860227817726
GSM1090554,1,0.999356284943016,0.999678142471508,0.9999158591935573,0.9999645182354808
GSM1090555,1,0.8272357735033105,0.9136178867516552,0.9755866428966463,0.9458876073579201
GSM1090556,1,0.9995433761983086,0.9997716880991544,0.9999084069446449,0.9999480167001759
GSM1090557,1,0.9425142114615952,0.9712571057307976,0.9940172990807086,0.9860383024877504
GSM1090558,0,0.954786065164797,0.0226069674176014,0.0032205700329356914,0.013659282198471099
GSM1090559,1,0.9354873476002896,0.9677436738001448,0.9920657809365053,0.9876687419973834
GSM1090560,1,0.8716230737181534,0.9358115368590768,0.9760394635863834,0.9760994922053816
GSM1090561,1,0.974127397754048,0.987063698877024,0.9957861307284147,0.9944927881819422
GSM1090562,1,0.9992792266767012,0.9996396133383506,0.9999491949810974,0.9999665199543198
GSM1090563,1,0.9969544241848024,0.9984772120924011,0.9993515875973472,0.9997802978776847
GSM1090564,1,0.9614646199343292,0.9807323099671644,0.9835355678964192,0.9936065763817916
GSM1090565,1,0.9992566549561176,0.9996283274780589,0.9999374370733801,0.9999550003290908
GSM1090566,1,0.9908805330803528,0.9954402665401764,0.9995821637170915,0.9989634832374747
GSM1090567,1,0.9528575315470912,0.9764287657735456,0.9934998966532989,0.9890584791639639
GSM1090568,0,0.7119659353852846,0.1440170323073576,0.0260913670829527,0.09830916842907052
GSM1090569,0,0.3028476440464872,0.3485761779767564,0.21262783810939204,0.33198613089621115
GSM1090570,1,0.9674739273752724,0.9837369636876362,0.9937609950348765,0.9960088429286434
GSM1090571,1,0.9999979286085244,0.9999989643042622,0.9999305560064905,0.9999649981421092
GSM1090572,1,0.7818431790489373,0.8909215895244686,0.9829023920441338,0.9325591886881027
GSM1090573,0,0.8921234078934982,0.0539382960532509,0.016084801174386362,0.031920334343190616
GSM1090574,1,0.9966438215582224,0.9983219107791113,0.9995363790971038,0.9994635352546708
GSM1090575,1,0.9999546011429844,0.999977300571492,0.9999894044118897,0.999991436875211
GSM1090576,0,0.9623207746601008,0.0188396126699495,0.003560696273690795,0.009304149787998466
GSM1090577,1,0.976927917861614,0.9884639589308072,0.9987102421017714,0.9951298002927745
GSM1090578,1,0.9993208141328084,0.999660407066404,0.9999377540620614,0.9999746261975143
GSM1090579,0,0.9994824938276506,0.0002587530861746,3.506594732805085e-05,9.110293158259401e-05
GSM1090580,1,0.9999250701933946,0.9999625350966972,0.9999608983231565,0.9999630259407616
GSM1090581,1,0.9732951144927764,0.9866475572463882,0.9960497436096821,0.9912743756478676
GSM1090582,1,0.95088359665685,0.975441798328425,0.9818298825671635,0.9923392777374599
GSM1090583,0,0.9991069915496472,0.0004465042251763,1.0381916989363019e-05,5.6816202229706715e-05
GSM1090584,1,0.8928892734045568,0.9464446367022784,0.9276258536552116,0.9574715750877364
GSM1090585,1,0.9985272148401076,0.9992636074200538,0.9997456227059648,0.9996345912323509
GSM1090586,1,0.9606132002417996,0.9803066001209,0.986579567869087,0.9904835635437262
GSM1090587,0,0.91585056558835,0.0420747172058249,0.007967256964861941,0.01707124685072271
GSM1090588,1,0.5795822389909726,0.7897911194954863,0.8950983252299538,0.8009276222369967
GSM1090589,1,0.99904988799507,0.999524943997535,0.9999149109371966,0.9998740045246762
GSM1090590,1,0.9999585293270272,0.9999792646635136,0.9999752662332099,0.9999933559375799
GSM1090591,1,0.8383603963592123,0.9191801981796062,0.9770796799264326,0.9630626888288925
GSM1090592,1,0.9926799205257766,0.9963399602628884,0.9993458934872093,0.9992556833430489
GSM1090593,1,0.99710717531327,0.998553587656635,0.9994394612707264,0.9992577406193108
GSM1090594,1,0.7499244512854968,0.8749622256427484,0.8329179209480112,0.9251281389137432
GSM1090595,0,0.9996320638547852,0.0001839680726073,2.5203289905197724e-05,6.00609969987727e-05
GSM1090596,0,0.9639946585673228,0.0180026707163386,0.004150684910264729,0.011780157510979146
GSM1090597,0,0.9941651436881728,0.0029174281559136,0.00012068405523758665,0.0013202688235020446
GSM1090598,0,0.997167204594696,0.001416397702652,0.00016920141575147633,0.00022419262648795893
GSM1090599,1,0.9640555383119068,0.9820277691559534,0.9962631007188769,0.9942457952996874
GSM1090600,0,0.9997891934568612,0.0001054032715694,2.2327818088363774e-06,1.0610886896365993e-05
GSM1090601,1,0.445169787456209,0.2774151062718955,0.5088120688587613,0.28040278068890356
GSM1090602,0,0.0728242612973056,0.4635878693513471,0.15095808665780777,0.4911880794175443
GSM1090603,0,0.9552604365656926,0.0223697817171537,0.006449956515876453,0.009274348923721771
GSM1090604,0,0.9744154733273086,0.0127922633363456,0.00706673681442531,0.006969044588656353
GSM1090605,0,0.999271232752812,0.000364383623594,1.4563226365182925e-05,0.0001272056659335043
GSM1090606,0,0.9919063023332712,0.0040468488333644,0.0010757546217012384,0.0009248027890197537
GSM1090607,0,0.9982224387074672,0.0008887806462663,0.00012636998321778614,0.0001566964441932372
GSM1090608,0,0.9943507499609852,0.0028246250195073,0.0009632094702610693,0.0006732411829968798
GSM1090609,0,0.9918852163058484,0.0040573918470757,0.0019014244916158636,0.0009337654138303476
GSM1090610,0,0.9962423527808794,0.0018788236095603,0.00018519018053715487,0.0003697462990059978
GSM1090611,0,0.9923928096943848,0.0038035951528076,0.0016751145670198442,0.0018003473982256724
GSM1090612,1,0.9610082659331662,0.9805041329665832,0.9792478635211493,0.9860845589515159
GSM1090613,0,0.9753649902199718,0.012317504890014,0.00189257373837531,0.005329235744005077
GSM1090614,0,0.9511989578984926,0.0244005210507536,0.009733387150074508,0.00984462783925853
GSM1090615,0,0.9918562191736172,0.0040718904131914,0.00024666538471662734,0.0012508782531772962
GSM1090616,1,0.995192073385954,0.997596036692977,0.9994268107751592,0.9995236123289308
GSM1090617,0,0.9676348915025416,0.0161825542487291,0.003276385835772003,0.006158603898322136
GSM1090618,1,0.984424933195348,0.992212466597674,0.9968567597532665,0.998537981545014
GSM1090619,0,0.96215820293954,0.01892089853023,0.0035087051739290044,0.007375499070942304
GSM1090620,1,0.9952020619214216,0.9976010309607108,0.9993464868917178,0.9995418729709377
GSM1090621,0,0.983050739091074,0.008474630454463,0.001755772361773098,0.002745740942604828
GSM1090622,0,0.9945089174796088,0.0027455412601955,0.00021056198544688572,0.0012393886250787385
GSM1090623,1,0.9968775512642196,0.9984387756321098,0.9998329975131918,0.9998139501333445
GSM1090624,1,0.9265057630141872,0.9632528815070937,0.9771475716139546,0.9839807443182452
GSM1090625,0,0.857155612053622,0.0714221939731889,0.022886633783551023,0.0384335684213641
GSM1090626,1,0.9997236154135584,0.9998618077067792,0.999990996999998,0.9999884448666067
GSM1090627,0,0.9967592777394368,0.0016203611302816,0.00012024721800345093,0.00032425718221996497
GSM1090628,0,0.8520225980542699,0.073988700972865,0.010538539428048731,0.05559093216477589
GSM1090629,0,0.9970506041177666,0.0014746979411167,0.0013732783846518075,0.000621837916575268
GSM1090630,0,0.1463668141888335,0.4268165929055832,0.11013484839445475,0.43359612777870227
GSM1090631,0,0.9673486817794712,0.0163256591102643,0.001819606574297909,0.00570842626701201
GSM1090632,0,0.9833844945027256,0.0083077527486371,0.0032366713309908207,0.0044612605496162664
GSM1090633,1,0.999703947284647,0.9998519736423236,0.9999783950532403,0.9999913607896972
GSM1090634,0,0.9901186881246834,0.0049406559376583,0.0008927719428161036,0.0023677502699350774
GSM1090635,1,0.9970824423096248,0.9985412211548124,0.9997063240032354,0.9997686601074869
GSM1090636,0,0.9785265603187356,0.0107367198406321,0.0003200474106775407,0.003145883453120645
GSM1090637,1,0.0723147090768534,0.5361573545384267,0.7515343708491418,0.5980707656329779
GSM1090638,1,0.8616869977967074,0.9308434988983536,0.9864782833302579,0.9646252533093599
GSM1090639,1,0.999452460051558,0.999726230025779,0.9999483684778203,0.9999357293436385
GSM1090640,0,0.9603012067638562,0.0198493966180718,0.0013493036240730396,0.010814369745639646
GSM1090641,1,0.9349091444391257,0.9674545722195628,0.9754786924436094,0.975172179451555
GSM1090642,1,0.9870029574843286,0.9935014787421644,0.9986412754194719,0.9986604345521104
GSM1090643,0,0.9701579559826232,0.0149210220086883,0.002882682083226618,0.008603043781851928
GSM1090644,0,0.9957255634264648,0.0021372182867676,0.0004858689430602926,0.000937293441232388
GSM1090645,0,0.9777510597117722,0.0111244701441139,0.002486927591538633,0.004286932835145931
GSM1090646,1,0.9882398982735392,0.9941199491367696,0.9976134009810066,0.9964605303237993
GSM1090647,0,0.9391028177007203,0.0304485911496397,0.00335251331412542,0.01913324444217523
GSM1090648,1,0.9949400780277756,0.9974700390138878,0.9996297902607578,0.9996742231722922
GSM1090649,1,0.986593835020004,0.993296917510002,0.9972837489570249,0.9971347710611809
GSM1090650,1,0.9723684888290344,0.9861842444145172,0.9963617976719386,0.9965757467968273
GSM1090651,1,0.9917681123333382,0.9958840561666692,0.9980372015484613,0.9985110097940184
GSM1090652,0,0.9923496359376656,0.0038251820311672,0.00020205673687875449,0.0008094340489421186
GSM1090653,1,0.9545313865294496,0.9772656932647248,0.9964024125798897,0.9941551591048775
GSM1090654,1,0.0977872344253516,0.4511063827873242,0.6840312073055652,0.4172092083623639
GSM1090655,1,0.9917449142350095,0.9958724571175048,0.998350682539236,0.9975734881617524
GSM1090656,0,0.9989035197906588,0.0005482401046705,0.00012843601275116728,8.52648943848287e-05
GSM1090657,0,0.7207933395913585,0.1396033302043207,0.0977924749894691,0.12425826471845434
GSM1090658,0,0.1725545426210404,0.4137227286894798,0.04175492431954345,0.43718652780647455
GSM1090659,1,0.9999243489273452,0.9999621744636726,0.9999883904106477,0.999992096418739
GSM1090660,0,0.9854292848733844,0.0072853575633077,0.003596229338028602,0.0021617592292208785
GSM1090661,0,0.9102014344565932,0.0448992827717033,0.0636977770645307,0.028875881803575865
GSM1090662,1,0.9999959055672324,0.9999979527836164,0.9999838039849952,0.9999774069911084
GSM1090663,0,0.9971789515928362,0.0014105242035819,0.0004469158786608642,0.00033280910145864784
GSM1090664,0,0.9962424080708486,0.0018787959645756,0.0006251545390213685,0.0004259749777258218
GSM1090665,1,0.9742316173434312,0.9871158086717156,0.9935933329457114,0.994612809658982
GSM1090666,1,0.3654885089308202,0.6827442544654101,0.860677449425591,0.6890552784963744
GSM1090667,1,0.9999463721475904,0.9999731860737952,0.9999775135048917,0.9999918713379837
GSM1090668,1,0.9978408880731496,0.9989204440365748,0.9998008617841797,0.9998634259136201
GSM1090669,0,0.9884110944718691,0.0057944527640654,0.003242739395141656,0.002838104128291313
GSM1090670,0,0.9365968658810278,0.0317015670594861,0.0020446199155642,0.01926506507988596
GSM1090671,1,0.9996293793557632,0.9998146896778816,0.9999816475744736,0.9999831816850778
GSM1090672,0,0.9986028751043132,0.0006985624478433,6.496302592594433e-05,8.830488862601182e-05
GSM1090673,1,0.999877077585276,0.999938538792638,0.9999905052732555,0.9999789689007856
GSM1090674,1,0.9989197120815176,0.9994598560407588,0.9999152772705389,0.9999412872486716
GSM1090675,0,0.9952748416477126,0.0023625791761436,0.0005086317753894125,0.0005681446670568701
GSM1090676,1,0.99580396871835,0.997901984359175,0.9996980098007058,0.99960326388277
GSM1090677,0,0.9598859632554296,0.0200570183722851,0.005865294155575672,0.011828383238636641
GSM1090678,1,0.9942357856812029,0.9971178928406014,0.9994119370067296,0.9994857471977452
GSM1090679,1,0.9991461952527264,0.9995730976263631,0.9997036567564397,0.9999488335630692
GSM1090680,1,0.9983955846849006,0.9991977923424504,0.9992989602868203,0.999777370282101
GSM1090681,0,0.997961797631682,0.0010191011841589,0.00017710867183405466,0.00015286652205559776
GSM1090682,0,0.9565412385881724,0.0217293807059138,0.008917989638292732,0.01276412633637669
GSM1090683,0,0.9978484382815966,0.0010757808592017,0.0003858881013501895,0.00015514347330821394
GSM1090684,0,0.9743188541643946,0.0128405729178026,0.00918033418325255,0.0047413270606321495
GSM1090685,0,0.9944332713102892,0.0027833643448553,0.0018779975410131908,0.0007315128585088282
GSM1090686,0,0.9838300179040316,0.0080849910479842,0.002023031123526267,0.0026080124160957445
GSM1090687,0,0.9760757750969378,0.011962112451531,0.0032648455685766902,0.004500054447499745
GSM1090688,0,0.8176616239150778,0.091169188042461,0.024909379708024742,0.0564770932571403
GSM1090689,0,0.6009468331140135,0.1995265834429932,0.06454269790300572,0.15107620657211288
GSM1090690,1,0.9953355814236056,0.9976677907118028,0.9993741171202507,0.9995739762438605
GSM1090691,0,0.8576505925747941,0.0711747037126029,0.045411331948897,0.03992388414413088
GSM1090692,1,0.3248600984907082,0.6624300492453541,0.9187656991314511,0.7454623419205184
GSM1090693,0,0.9977964342104804,0.0011017828947598,0.0006938528983891154,0.00022543613693906876
GSM1090694,0,0.9990797578174444,0.0004601210912777,3.0071787716481043e-05,5.6715032679199273e-05
GSM1090695,0,0.9862481021282784,0.0068759489358608,0.005489648225121274,0.003713407890955472
GSM1090696,1,0.999982782702429,0.9999913913512144,0.9999932869095954,0.9999952307097479
GSM1090697,1,0.999988702639954,0.999994351319977,0.9999744252706012,0.9999951017962955
GSM1090698,0,0.9254807799282811,0.0372596100358593,0.00881568653239628,0.019990346323058576
GSM1090699,1,0.9851820835052584,0.9925910417526292,0.9979358084037354,0.9983166764088617
GSM1090700,1,0.983517812079824,0.991758906039912,0.9978450419033699,0.9983410949904264
GSM1090701,0,0.999808081558355,9.595922082252518e-05,1.1689018418588311e-05,1.0857441082107846e-05
GSM1090702,0,0.9979947008278048,0.0010026495860976,0.00032753657491835724,0.00019210194169628914
GSM1090703,0,0.9617156538579352,0.0191421730710323,0.0025630578861571985,0.01121000618718449
GSM1090704,1,0.9998674908233512,0.9999337454116756,0.999995332441001,0.9999910115819027
GSM1090705,0,0.997731245739489,0.0011343771302554,7.461021175191702e-05,0.0002056689507706053
GSM1090706,1,0.9881400843015016,0.9940700421507508,0.9977787801139992,0.9964602922272267
GSM1090707,0,0.9858840738906128,0.0070579630546935,0.0017397539504151725,0.0017455554994074479
GSM1090708,1,0.9996585983619,0.99982929918095,0.9999529624355397,0.9999849926130809
GSM1090709,1,0.2207386772205989,0.3896306613897005,0.7075604689017981,0.4107035017027448
GSM1090710,0,0.9615674008904312,0.0192162995547844,0.00904952678162119,0.008509522488210273
GSM1090711,1,0.5620156547544597,0.7810078273772298,0.876735358283047,0.8587817983569176
GSM1090712,0,0.9996123639529024,0.0001938180235488,8.494439022534929e-05,2.304558097948529e-05
GSM1090713,0,0.89892787274046,0.0505360636297699,0.06209472814136141,0.03653051618391547
GSM1090714,1,0.994424505657949,0.9972122528289744,0.9990100951760393,0.9995251526778044
GSM1090715,1,0.9999814284365462,0.9999907142182732,0.9999644882326123,0.9999645584136756
GSM1090716,0,0.9814789618552154,0.0092605190723923,0.0038300631592989875,0.005259168424233384
GSM1090717,0,0.9932947078305564,0.0033526460847217,0.0007654671894335711,0.0007178489016835714
GSM1090718,0,0.9898518217659928,0.0050740891170035,0.0029995626144738276,0.0014026298666489259
GSM1090719,1,0.988886900781631,0.9944434503908156,0.9974939499684955,0.99797602033202
GSM1090720,1,0.649286279370481,0.8246431396852405,0.9365099194767305,0.8455238790824198
GSM1090721,0,0.9204894776667858,0.0397552611666071,0.04747783031538988,0.021233411994411727
GSM1090722,1,0.0670142820432981,0.5335071410216491,0.5828426535320551,0.566098395638874
GSM1090723,0,0.9737380991892493,0.0131309504053754,0.003245429264710135,0.004648445957715873
GSM1090724,0,0.8474796315499742,0.0762601842250129,0.0489357661335705,0.05428607675752514
GSM1090725,0,0.953762687159346,0.0231186564203269,0.005860812105590741,0.009328314795536401
GSM1090726,0,0.9178625498728936,0.0410687250635532,0.024930671041795336,0.02157745649437129
GSM1090727,1,0.982074520678341,0.9910372603391704,0.9973126570119837,0.9975930147666422
GSM1090728,1,0.9765829880502784,0.9882914940251392,0.9964164717104042,0.9965917145316238
GSM1090729,1,0.6883159201442992,0.8441579600721496,0.8628296049830253,0.9172822604246483
GSM1090730,1,0.9999807084154622,0.9999903542077312,0.9999889473357062,0.9999950824879504
