sample,label,oof_prob,oof_uncertainty,oof_pred,confidence_margin
GSM1423780,1,0.4858931745838938,0.2367361001454086,0,0.02821365083221239
GSM1423781,1,0.47811075422721494,0.3051250691356105,0,0.04377849154557012
GSM1423782,1,0.06864526925453204,0.07627977065958871,0,0.8627094614909359
GSM1423783,1,0.6690143480212832,0.30952676858832,1,0.33802869604256647
GSM1423784,1,0.8739999184501087,0.13674400441947568,1,0.7479998369002174
GSM1423785,1,0.9999132904351496,0.00013885053536653958,1,0.9998265808702993
GSM1423786,1,0.9999889909664385,1.8390619432664828e-05,1,0.9999779819328769
GSM1423787,1,0.9999997058536216,6.312409544377574e-07,1,0.9999994117072433
GSM1423788,1,0.9776118479086927,0.03560936946539013,1,0.9552236958173854
GSM1423789,1,0.9970583450218247,0.004098067828317975,1,0.9941166900436493
GSM1423790,1,0.9767292430100568,0.039389578193509904,1,0.9534584860201136
GSM1423791,1,0.9997960586503695,0.00038503812907022286,1,0.9995921173007389
GSM1423792,1,0.9994751716586873,0.0008314448495634686,1,0.9989503433173745
GSM1423793,1,0.9992370715236276,0.0012777232381268337,1,0.9984741430472552
GSM1423794,1,0.9999621867239146,7.515324982242416e-05,1,0.9999243734478291
GSM1423795,1,0.9999964480365533,4.066358779936016e-06,1,0.9999928960731066
GSM1423796,1,0.9980367507598894,0.0038440221976847565,1,0.9960735015197788
GSM1423797,1,0.941763270675575,0.06047708925226934,1,0.8835265413511499
GSM1423798,1,0.9046155620925719,0.08759220732235636,1,0.8092311241851438
GSM1423799,1,0.9988774556029648,0.001781633036223977,1,0.9977549112059296
GSM1423800,1,0.9746817198906017,0.04795709496793192,1,0.9493634397812034
GSM1423801,1,0.9996895214998824,0.000400558888216249,1,0.9993790429997649
GSM1423802,1,0.7902308591633669,0.22494317875862224,1,0.5804617183267338
GSM1423803,1,0.8309054898304957,0.15352314635071737,1,0.6618109796609914
GSM1423804,1,0.9881538027249663,0.023966333930835408,1,0.9763076054499327
GSM1423805,1,0.9901696474865622,0.01447677112011551,1,0.9803392949731244
GSM1423806,1,0.999717715278134,0.0005258060615716789,1,0.999435430556268
GSM1423807,1,0.9981913538022524,0.0033831236036338864,1,0.9963827076045049
GSM1423808,1,0.9983626802607939,0.003503022539356726,1,0.9967253605215878
GSM1423809,1,0.5614024599571972,0.3321796448430398,1,0.12280491991439435
GSM1423810,1,0.999661729486504,0.00041469233146461116,1,0.999323458973008
GSM1423811,1,0.9471839991269786,0.04590406762936694,1,0.8943679982539572
GSM1423812,1,0.999975898551505,3.641580469900185e-05,1,0.9999517971030101
GSM1423813,1,0.9974494735131735,0.00438480895598143,1,0.994898947026347
GSM1423814,1,0.9979066410953091,0.005682542387174668,1,0.9958132821906183
GSM1423815,1,0.9451804111518637,0.05221084398857434,1,0.8903608223037274
GSM1423816,1,0.9859129273926909,0.01925966708310431,1,0.9718258547853817
GSM1423817,1,0.9992633195774516,0.0016864410867322775,1,0.9985266391549033
GSM1423818,1,0.9984314549515556,0.002918307298087783,1,0.9968629099031112
GSM1423819,1,0.9999167468038666,0.00010423293059291937,1,0.9998334936077331
GSM1423820,1,0.9990983936815867,0.0016002673007262872,1,0.9981967873631734
GSM1423821,1,0.9999932990888155,9.409055956976954e-06,1,0.999986598177631
GSM1423822,1,0.7174493549877772,0.1615253839656039,1,0.43489870997555435
GSM1423823,1,0.9999932677868852,1.4696791184702422e-05,1,0.9999865355737705
GSM1423824,1,0.9986124673390673,0.0025765802042339763,1,0.9972249346781346
GSM1423825,1,0.9265198311454705,0.1687738945421497,1,0.8530396622909411
GSM1423826,1,0.9998715135320009,0.0002429769779881746,1,0.9997430270640018
GSM1423827,1,0.9995517344294992,0.0013767063521283453,1,0.9991034688589984
GSM1423828,1,0.9988691087627943,0.0010788477714780893,1,0.9977382175255887
GSM1423829,1,0.9991982645408827,0.001297052887687343,1,0.9983965290817653
GSM1423830,1,0.9617219065565947,0.046116667248046646,1,0.9234438131131895
GSM1423831,1,0.9988800173999316,0.0038569376572135466,1,0.9977600347998632
GSM1423832,1,0.9995568355220181,0.0005109228752283907,1,0.9991136710440363
GSM1423833,1,0.9873849459205335,0.014964492511913988,1,0.974769891841067
GSM1423834,1,0.9994989786344043,0.0008322312985972432,1,0.9989979572688086
GSM1423835,1,0.9992568046569479,0.0010680814804504162,1,0.9985136093138958
GSM1423836,1,0.977253406075431,0.035262505366043966,1,0.954506812150862
GSM1423837,1,0.9998599124104327,0.00025072461352815126,1,0.9997198248208654
GSM1423838,1,0.9103816892580243,0.1290932818841179,1,0.8207633785160486
GSM1423839,1,0.9997094210755744,0.00042063304972019737,1,0.9994188421511487
GSM1423840,1,0.9696714809553381,0.055883815956836835,1,0.9393429619106761
GSM1423841,1,0.9356233350711305,0.07449375038987804,1,0.871246670142261
GSM1423842,1,0.9947266101843055,0.006914202764289163,1,0.989453220368611
GSM1423843,1,0.9954792118422174,0.005661777599560746,1,0.9909584236844349
GSM1423844,1,0.9995430839092497,0.000711447602230476,1,0.9990861678184995
GSM1423845,1,0.9974014210921203,0.004905512292863129,1,0.9948028421842405
GSM1423846,1,0.9858395364634583,0.011296590022757215,1,0.9716790729269167
GSM1423847,1,0.9992838508444954,0.0012975714166632052,1,0.9985677016889909
GSM1423848,1,0.9598883935431566,0.04171385393246728,1,0.9197767870863132
GSM1423849,1,0.9805124746743781,0.016716096570918947,1,0.9610249493487562
GSM1423850,1,0.9991143327793507,0.0009499133410935855,1,0.9982286655587014
GSM1423851,1,0.9999993267607973,9.038779672478507e-07,1,0.9999986535215946
GSM1423852,1,0.9055668413048913,0.10387322474010496,1,0.8111336826097826
GSM1423853,1,0.9988447170232296,0.0018248412648722745,1,0.9976894340464593
GSM1423854,1,0.9999999691082426,6.140083957207897e-08,1,0.9999999382164853
GSM1423855,1,0.9501211390932092,0.059726160202902556,1,0.9002422781864183
GSM1423856,1,0.9967478132775043,0.0033686574346628063,1,0.9934956265550086
GSM1423857,1,0.9999832809226777,2.205136657930709e-05,1,0.9999665618453555
GSM1423858,1,0.9997354122844225,0.00046148753882984577,1,0.9994708245688451
GSM1423859,1,0.9999999099650404,1.7128770464150236e-07,1,0.9999998199300808
GSM1423860,1,0.9999584968330719,4.6793204193946776e-05,1,0.9999169936661438
GSM1423861,1,0.9856948921572647,0.019418390446059607,1,0.9713897843145294
GSM1423862,1,0.9685004132217511,0.03570611373907215,1,0.9370008264435021
GSM1423863,1,0.9520005910333122,0.0742826708138856,1,0.9040011820666245
GSM1423864,1,0.9989583043640546,0.001483615872083037,1,0.9979166087281093
GSM1423865,1,0.9999955143774691,8.480212566481436e-06,1,0.9999910287549383
GSM1423866,1,0.9850954066577862,0.026200704238155747,1,0.9701908133155723
GSM1423867,1,0.7910141368021575,0.1645706114296345,1,0.582028273604315
GSM1423868,1,0.9989207586965734,0.0011879777984893198,1,0.9978415173931467
GSM1423869,1,0.9995151110149179,0.001731891303039684,1,0.9990302220298357
GSM1423870,1,0.9781804552314977,0.036087484123253445,1,0.9563609104629953
GSM1423871,1,0.999983235998171,3.1028364318541374e-05,1,0.9999664719963419
GSM1423872,1,0.9998554737154931,0.00048574379191957084,1,0.9997109474309862
GSM1423873,1,0.9769327791937161,0.027745887267998905,1,0.9538655583874323
GSM1423874,1,0.9995003989757671,0.000565429951133293,1,0.9990007979515343
GSM1423875,1,0.9982131272644572,0.004561984168031294,1,0.9964262545289144
GSM1423876,1,0.8856005840390464,0.11334984543874785,1,0.7712011680780928
GSM1423877,1,0.9990769901559144,0.0029390436299773994,1,0.9981539803118289
GSM1423878,1,0.9990618329098068,0.001409462177182824,1,0.9981236658196135
GSM1423879,1,0.9999863039908738,2.1044310029924148e-05,1,0.9999726079817477
GSM1423880,1,0.9987828376781511,0.00163289243326409,1,0.9975656753563023
GSM1423881,1,0.945648051934158,0.0550434354350538,1,0.891296103868316
GSM1423882,1,0.999186743396869,0.0011846129224947933,1,0.9983734867937379
GSM1423883,1,0.9830308632084513,0.016618622768150074,1,0.9660617264169027
GSM1423884,1,0.27482981119288746,0.22052977709727983,0,0.4503403776142251
GSM1423885,1,0.9983810984936821,0.0027961674421014687,1,0.9967621969873641
GSM1423886,1,0.6853382789227067,0.2968937951547228,1,0.3706765578454134
GSM1423887,1,0.9977619644946936,0.0035758292335909547,1,0.9955239289893871
GSM1423888,1,0.9964792594468367,0.0049351294510326825,1,0.9929585188936734
GSM1423889,1,0.9611724888022068,0.0542386604598349,1,0.9223449776044137
GSM1423890,1,0.9995685705177803,0.0007833556564683597,1,0.9991371410355605
GSM1423891,1,0.999987660220454,2.3360787200870922e-05,1,0.9999753204409081
GSM1423892,1,0.7612947700774927,0.19846620327530778,1,0.5225895401549854
GSM1423893,1,0.9731832070614479,0.04973352167096969,1,0.9463664141228958
GSM1423894,1,0.9431717116434515,0.06458344738902286,1,0.886343423286903
GSM1423895,1,0.9965219292418226,0.007024872716014619,1,0.9930438584836452
GSM1423896,1,0.9974461898596256,0.0038628146501814295,1,0.9948923797192513
GSM1423897,1,0.9999991411656943,1.6519344791246155e-06,1,0.9999982823313887
GSM1423898,1,0.9999490563527516,5.490764653690697e-05,1,0.9998981127055031
GSM1423899,1,0.9552873331482287,0.04434381998509164,1,0.9105746662964573
GSM1423900,1,0.9998485565828567,0.00020154098222257755,1,0.9996971131657133
GSM1423901,1,0.9606179233520219,0.04476181496421145,1,0.9212358467040438
GSM1423902,1,0.9472242058545502,0.1510107292017636,1,0.8944484117091005
GSM1423903,1,0.9998414586311808,0.00022808682568658227,1,0.9996829172623616
GSM1423904,1,0.9982089937480184,0.0015713667273628991,1,0.9964179874960368
GSM1423905,1,0.4842165994088316,0.33424626209294883,0,0.03156680118233679
GSM1423906,1,0.9347387357063921,0.10820639565440168,1,0.8694774714127842
GSM1423907,1,0.9996243586782576,0.0005253330845898316,1,0.9992487173565152
GSM1423908,1,0.6997470864035262,0.2344735378958053,1,0.39949417280705246
GSM1423909,1,0.9722771314088178,0.02643111613779332,1,0.9445542628176355
GSM1423910,1,0.996740515614529,0.0046754719065723906,1,0.9934810312290581
GSM1423911,1,0.9999937022153171,8.601490890788252e-06,1,0.9999874044306343
GSM1423912,1,0.9953211079909909,0.011151795429883609,1,0.9906422159819819
GSM1423913,1,0.999982899549587,2.4340338332557216e-05,1,0.9999657990991739
GSM1423914,1,0.8865982943584244,0.13725409161953944,1,0.7731965887168488
GSM1423915,1,0.99539787870977,0.0040176761857231,1,0.9907957574195401
GSM1423916,1,0.9976627338834831,0.00558007357132656,1,0.9953254677669663
GSM1423917,1,0.9669106373447777,0.08282994009206202,1,0.9338212746895553
GSM1423918,1,0.9999470293421601,0.00011271524471242707,1,0.9998940586843201
GSM1423919,1,0.9644590611694929,0.04818486645358191,1,0.9289181223389857
GSM1423920,1,0.7550584901051989,0.22324968071120233,1,0.5101169802103978
GSM1423921,1,0.9999994494824136,1.4646285228405123e-06,1,0.9999988989648272
GSM1423922,1,0.9955973353400465,0.008547442198435708,1,0.9911946706800929
GSM1423923,1,0.9868787782440579,0.025680124299200024,1,0.9737575564881158
GSM1423924,1,0.9105346409034144,0.10693884773439939,1,0.8210692818068288
GSM1423925,1,0.6683275481063474,0.2209613085520096,1,0.33665509621269485
GSM1423926,1,0.9621783664431923,0.08224174027062427,1,0.9243567328863846
GSM1423927,1,0.9999785126886982,2.847841731706786e-05,1,0.9999570253773964
GSM1423928,1,0.9999918633657046,1.5309611381943314e-05,1,0.9999837267314091
GSM1423929,1,0.999420768420672,0.0022319534738555313,1,0.9988415368413439
GSM1423930,1,0.9995276084381309,0.0008920599635650741,1,0.9990552168762619
GSM1423931,1,0.999977937027045,3.579334458338586e-05,1,0.9999558740540899
GSM1423932,1,0.9985192362121996,0.0025272602431675797,1,0.9970384724243992
GSM1423933,1,0.9998182318257095,0.0003419616066191865,1,0.999636463651419
GSM1423934,1,0.999578181710749,0.0004925849806390237,1,0.9991563634214979
GSM1423935,1,0.8992549960268882,0.11775770024535068,1,0.7985099920537764
GSM1423936,1,0.999001336936702,0.001424172866991562,1,0.998002673873404
GSM1423937,1,0.9550521796297377,0.05349342497151173,1,0.9101043592594753
GSM1423938,1,0.9983836504038128,0.004014543226028915,1,0.9967673008076257
GSM1423939,1,0.6465757270193133,0.25777723822646254,1,0.29315145403862664
GSM1423940,1,0.9999739427424041,5.8494350107143376e-05,1,0.9999478854848083
GSM1423941,1,0.4345601587007172,0.22478149488807792,0,0.13087968259856564
GSM1423942,1,0.9965472288887062,0.0046465482970047475,1,0.9930944577774123
GSM1423943,1,0.9843368294792223,0.02441686354691188,1,0.9686736589584446
GSM1423944,1,0.9007332295829368,0.21177440862859354,1,0.8014664591658736
GSM1423945,1,0.9999391895905264,0.00011417918559021745,1,0.9998783791810528
GSM1423946,1,0.9977857636858601,0.0023768147246807218,1,0.9955715273717203
GSM1423947,1,0.9965371937692054,0.006640336062225796,1,0.9930743875384107
GSM1423948,1,0.9916956226439089,0.013472661580610872,1,0.9833912452878177
GSM1423949,1,0.9999155073758146,0.00022599790188876983,1,0.9998310147516292
GSM1423950,1,0.44627804747797556,0.31259157846352786,0,0.10744390504404888
GSM1423951,1,0.9521668021731158,0.07383603844781018,1,0.9043336043462316
GSM1423952,1,0.9287162005273812,0.07039446776316124,1,0.8574324010547625
GSM1423953,1,0.9999958870101657,7.191481971196858e-06,1,0.9999917740203315
GSM1423954,1,0.9998882059938203,0.00017903567503149058,1,0.9997764119876407
GSM1423955,1,0.9763961575945999,0.03436648294839289,1,0.9527923151891997
GSM1423956,1,0.9998436725580857,0.0002753962720667857,1,0.9996873451161714
GSM1423957,1,0.9965526870021437,0.004374837890864441,1,0.9931053740042874
GSM1423958,1,0.9922342421373369,0.010466170132424502,1,0.9844684842746738
GSM1423959,1,0.9993867372981547,0.001351034340690584,1,0.9987734745963095
GSM1423960,1,0.9633896559115998,0.06655774297203619,1,0.9267793118231995
GSM1423961,1,0.9999993592736318,1.0495332960149145e-06,1,0.9999987185472636
GSM1423962,1,0.9146150781968478,0.10358509459061778,1,0.8292301563936957
GSM1423963,1,0.9810912442058823,0.0355112912618284,1,0.9621824884117647
GSM1423964,1,0.9772380330993127,0.041515830234638965,1,0.9544760661986254
GSM1423965,1,0.8915818015365158,0.10382894158927243,1,0.7831636030730316
GSM1423966,1,0.9487794613574382,0.054557665756186355,1,0.8975589227148764
GSM1423967,1,0.9607346560011013,0.043012924662441936,1,0.9214693120022026
GSM1423968,1,0.9670670669683632,0.04731403996347337,1,0.9341341339367264
GSM1423969,1,0.9998936124891961,0.00024331194017122678,1,0.9997872249783921
GSM1423970,1,0.9732145232703685,0.03748202044828507,1,0.946429046540737
GSM1423971,1,0.7684020419076385,0.20159123071223634,1,0.536804083815277
GSM1423972,1,0.9850008211903427,0.018642682697011918,1,0.9700016423806854
GSM1423973,1,0.9965333886521262,0.005374965719228635,1,0.9930667773042523
GSM1423974,1,0.9997496099555804,0.0004409458711904702,1,0.9994992199111608
GSM1423975,1,0.8868192545789192,0.11958865813317557,1,0.7736385091578384
GSM1423976,1,0.9899198590769194,0.013021519091361696,1,0.9798397181538387
GSM1423977,1,0.9999575260246875,6.783152120149618e-05,1,0.9999150520493749
GSM1423978,1,0.9575568478260245,0.06996719771417068,1,0.9151136956520489
GSM1423979,1,0.9933400290443979,0.012127853949276493,1,0.9866800580887958
GSM1423980,1,0.9265484041429612,0.08491127388817425,1,0.8530968082859225
GSM1423981,1,0.966379650914233,0.04672737466851588,1,0.9327593018284659
GSM1423982,1,0.9942516406451073,0.011544019205857682,1,0.9885032812902146
GSM1423983,1,0.9666108515097024,0.06872962316355885,1,0.9332217030194048
GSM1423984,1,0.9999943491490695,1.2670142947211567e-05,1,0.999988698298139
GSM1423985,1,0.8851993875588041,0.19806082365384187,1,0.7703987751176082
GSM1423986,1,0.9940741623020692,0.007925326548927612,1,0.9881483246041385
GSM1423987,1,0.9783865350046803,0.02124492343851497,1,0.9567730700093606
GSM1423988,1,0.9877549354093951,0.017373098787404284,1,0.9755098708187901
GSM1423989,1,0.9999927207716084,2.227068448026377e-05,1,0.9999854415432168
GSM1423990,1,0.9984468928938199,0.0020038770024596235,1,0.9968937857876399
GSM1423991,1,0.9999960149256868,5.476564848542929e-06,1,0.9999920298513736
GSM1423992,1,0.9922763834716737,0.02534844057212262,1,0.9845527669433474
GSM1423993,1,0.999558301651402,0.0007258929604777919,1,0.999116603302804
GSM1423994,1,0.9963567321804826,0.0040143962066885985,1,0.9927134643609652
GSM1423995,1,0.9264788548633163,0.10082944421480064,1,0.8529577097266325
GSM1423996,1,0.9993620856565512,0.0010878658383800407,1,0.9987241713131023
GSM1423997,1,0.9977281076811526,0.002502615716593249,1,0.9954562153623052
GSM1423998,1,0.9802286414914739,0.03553728259524617,1,0.9604572829829479
GSM1423999,1,0.6168157859625273,0.24576240724876972,1,0.23363157192505457
GSM1424000,1,0.9295984665786866,0.09147259032765269,1,0.8591969331573732
GSM1424001,1,0.9999243972912479,0.00010450633876234235,1,0.9998487945824959
GSM1424002,1,0.9999982207193641,3.0074949020706717e-06,1,0.9999964414387281
GSM1424003,1,0.9961608721261213,0.004284008476270895,1,0.9923217442522425
GSM1424004,1,0.9909690094136689,0.011554561087772416,1,0.9819380188273379
GSM1424005,1,0.9894974287372194,0.01043250142934935,1,0.9789948574744387
GSM1424006,1,0.9951960579337753,0.0063675005861426135,1,0.9903921158675506
GSM1424007,1,0.9998943717935568,0.00022525031997317483,1,0.9997887435871136
GSM1424008,1,0.978039136053447,0.02955096693799387,1,0.9560782721068939
GSM1424009,1,0.9895272807417186,0.01485820534998417,1,0.9790545614834372
GSM1424010,1,0.43186162404938966,0.3139069283071785,0,0.13627675190122068
GSM1424011,1,0.9690275598710706,0.029427868990392746,1,0.9380551197421412
GSM1424012,1,0.9994482288654654,0.0007789095748412322,1,0.9988964577309307
GSM1424013,1,0.9388033451013303,0.08267588808360397,1,0.8776066902026607
GSM1424014,1,0.998243839096892,0.0034005221212227337,1,0.9964876781937839
GSM1424015,1,0.9646452882136606,0.04423817331238758,1,0.9292905764273212
GSM1424016,1,0.7576326912144349,0.266750005572997,1,0.5152653824288698
GSM1424017,1,0.9976653584911492,0.0038972150782466465,1,0.9953307169822985
GSM1424018,1,0.9946652859542187,0.006460606438990031,1,0.9893305719084373
GSM1424019,1,0.9999330707012783,0.00013862149290731047,1,0.9998661414025567
GSM1424020,1,0.9977550775301548,0.003829907398268291,1,0.9955101550603096
GSM1424021,1,0.9999530819720999,0.00010245774792709771,1,0.9999061639441997
GSM1424022,1,0.9999946357450102,1.2549314761902008e-05,1,0.9999892714900205
GSM1424023,1,0.9983710819667,0.0018114940449982472,1,0.9967421639334
GSM1424024,1,0.9997689746820674,0.000292547031691026,1,0.9995379493641348
GSM1424025,1,0.9999913367418216,2.011115612320538e-05,1,0.9999826734836432
GSM1424026,1,0.9954543150285063,0.008745825020780754,1,0.9909086300570127
GSM1424027,1,0.9957699307794243,0.006294945184559172,1,0.9915398615588487
GSM1424028,1,0.9940247775322792,0.009782809198836447,1,0.9880495550645585
GSM1424029,1,0.9871873490756007,0.01614520731602645,1,0.9743746981512014
GSM1424030,1,0.9976072564413553,0.0035413052705190453,1,0.9952145128827106
GSM1424031,1,0.9952160537179633,0.0064445557100107674,1,0.9904321074359266
GSM1424032,1,0.9999874011815507,2.4432054463061345e-05,1,0.9999748023631014
GSM1424033,1,0.9966007440174846,0.005656451871883924,1,0.9932014880349691
GSM1424034,1,0.9937226405656695,0.008265062736575726,1,0.987445281131339
GSM1424035,1,0.998367746230857,0.00270407189547807,1,0.996735492461714
GSM1424036,1,0.99956880365761,0.0008295780852120556,1,0.99913760731522
GSM1424037,1,0.9974121624085093,0.0039303781078142384,1,0.9948243248170185
GSM1424038,1,0.9998215595529146,0.000306647850946704,1,0.9996431191058293
GSM1424039,1,0.9999240212431195,0.00010201196523849365,1,0.999848042486239
GSM1424040,1,0.997721054440737,0.0031772118349970265,1,0.995442108881474
GSM1424041,1,0.999240330394532,0.0008580640464930355,1,0.998480660789064
GSM1424042,1,0.9946812837118479,0.00876709574327773,1,0.9893625674236959
GSM1424043,1,0.9591610915065745,0.05479964606422603,1,0.9183221830131489
GSM1424044,1,0.9736796646727953,0.03497236768491109,1,0.9473593293455906
GSM1424045,1,0.9875853500970214,0.013756068571430196,1,0.9751707001940428
GSM1424046,1,0.8061262610376836,0.22216304520114205,1,0.6122525220753672
GSM1424047,1,0.9326838723940641,0.07906872998432393,1,0.8653677447881283
GSM1424048,1,0.9978550718039336,0.002844340216231635,1,0.9957101436078672
GSM1424049,1,0.999988358977007,1.76966581958141e-05,1,0.999976717954014
GSM1424050,1,0.3516617110478895,0.2067777952258411,0,0.296676577904221
GSM1424051,1,0.9999642278561314,9.640651211701549e-05,1,0.9999284557122627
GSM1424052,1,0.9983491906384868,0.0033118816698424697,1,0.9966983812769736
GSM1424053,1,0.9997870189217725,0.0005522379907202401,1,0.9995740378435449
GSM1424054,1,0.9927190177852783,0.012929226848681885,1,0.9854380355705565
GSM1424055,1,0.9999997079631624,6.902704095162219e-07,1,0.9999994159263248
GSM1424056,1,0.9684916184111835,0.039477473402680555,1,0.936983236822367
GSM1424057,1,0.50613353655332,0.2781139875952129,1,0.012267073106640103
GSM1424058,1,0.9904316628695857,0.027330260335971728,1,0.9808633257391715
GSM1424059,1,0.9999231296035562,0.00012511641782635553,1,0.9998462592071125
GSM1424060,1,0.9999987646055434,3.1493994730353064e-06,1,0.9999975292110868
GSM1424061,1,0.9414807606307798,0.07561942533226512,1,0.8829615212615596
GSM1424062,1,0.9998536144974626,0.00023736369686675846,1,0.9997072289949251
GSM1424063,1,0.9978098961951828,0.0029110073816577446,1,0.9956197923903656
GSM1424064,1,0.9909282108930298,0.023840333791582867,1,0.9818564217860597
GSM1424065,1,0.5365489432356709,0.24813502284472885,1,0.07309788647134186
GSM1424066,1,0.9982299628048512,0.0024122552314930585,1,0.9964599256097024
GSM1424067,1,0.9960438577639994,0.0056482704356473346,1,0.9920877155279988
GSM1424068,1,0.9836141361354569,0.026208341650593596,1,0.9672282722709138
GSM1424069,1,0.9960744823827996,0.005608157645938087,1,0.9921489647655992
GSM1424070,1,0.9088966557918529,0.08628817899702634,1,0.8177933115837057
GSM1424071,1,0.9865361349433112,0.030344710298819612,1,0.9730722698866223
GSM1424072,1,0.9980232485944894,0.0025738878280852427,1,0.9960464971889789
GSM1424073,1,0.999881492409337,0.0002010404404162316,1,0.999762984818674
GSM1424074,1,0.9955528479053971,0.008210965548184604,1,0.9911056958107942
GSM1424075,1,0.6226334155654355,0.20541947972405122,1,0.245266831130871
GSM1424076,1,0.9998747692642285,0.00021025655113827475,1,0.9997495385284569
GSM1424077,1,0.9999814356646002,3.57267090799224e-05,1,0.9999628713292004
GSM1424078,1,0.9905896992008442,0.01465687896606752,1,0.9811793984016883
GSM1424079,1,0.8508924562696307,0.15008419160735603,1,0.7017849125392615
GSM1424080,1,0.9941666960711639,0.01507613558017742,1,0.9883333921423278
GSM1424081,1,0.9998924251966367,0.00022685834895300994,1,0.9997848503932734
GSM1424082,1,0.9986013761884852,0.0032921705409119087,1,0.9972027523769704
GSM1424083,1,0.9874285986762356,0.018904836420649298,1,0.9748571973524711
GSM1424084,1,0.9980945462155608,0.00316392789889632,1,0.9961890924311216
GSM1424085,1,0.9878824010128989,0.01778297950481509,1,0.9757648020257979
GSM1424086,1,0.8644606315637496,0.14305491169494267,1,0.7289212631274993
GSM1424087,1,0.9999795872431674,5.844132988677014e-05,1,0.9999591744863348
GSM1424088,1,0.9999902898062917,1.4168380810134307e-05,1,0.9999805796125834
GSM1424089,1,0.8763875886740232,0.121122262347369,1,0.7527751773480464
GSM1424090,0,0.006660204227419794,0.01295908405462377,0,0.9866795915451604
GSM1424091,0,0.0008778411167360233,0.0007643837579440089,0,0.998244317766528
GSM1424092,0,0.17383272410618386,0.17407148671052322,0,0.6523345517876322
GSM1424093,0,0.005751842917870838,0.0075539162129731,0,0.9884963141642583
GSM1424094,0,0.0014869722224296806,0.0014488284875969729,0,0.9970260555551407
GSM1424095,0,0.7879591476796988,0.19903939029303727,1,0.5759182953593975
GSM1424096,0,0.004093818718137216,0.003529121338050603,0,0.9918123625637255
GSM1424097,0,0.001112561866308744,0.0013217769933993946,0,0.9977748762673825
GSM1424098,0,0.05476503371342184,0.09829475720594645,0,0.8904699325731563
GSM1424099,0,0.4127237897051524,0.23799630280146702,0,0.17455242058969522
GSM1424100,0,0.9792582639552838,0.036509932801697106,1,0.9585165279105676
GSM1424101,0,0.008826282192488544,0.006234683983335071,0,0.9823474356150229
GSM1424102,0,0.029495420392608773,0.02645066722547159,0,0.9410091592147825
GSM1424103,0,0.0031570577566197994,0.002546880770915975,0,0.9936858844867604
GSM1424104,0,0.025431436640128223,0.030612443189804373,0,0.9491371267197436
GSM1424105,0,0.007087733104547604,0.007962605054117113,0,0.9858245337909048
GSM1424106,0,0.008187270306183301,0.008317343463516372,0,0.9836254593876333
GSM1424107,0,0.00895206278627517,0.009099337156378496,0,0.9820958744274496
GSM1424108,0,0.0006188922792046799,0.0008914955385068316,0,0.9987622154415906
GSM1424109,0,0.6226256845284934,0.2725612433031481,1,0.24525136905698686
GSM1424110,0,0.04963584881937962,0.06873458102599819,0,0.9007283023612408
GSM1424111,0,0.018546318323062888,0.016551083797252026,0,0.9629073633538743
GSM1424112,0,0.028779988281680973,0.034333939904846254,0,0.942440023436638
GSM1424113,0,0.46888069607887023,0.31275602165766747,0,0.06223860784225954
GSM1424114,0,0.04643515341342601,0.06291882107302335,0,0.907129693173148
GSM1424115,0,0.02193341085696703,0.01938798701806345,0,0.9561331782860659
GSM1424116,0,0.0003567822952169383,0.00046718986062411794,0,0.9992864354095661
GSM1424117,0,0.00044062537502436024,0.0004322236094764964,0,0.9991187492499513
GSM1424118,0,0.06621559923919156,0.0636054437378338,0,0.8675688015216169
GSM1424119,0,0.1591182334785975,0.15607609783020476,0,0.681763533042805
GSM1424120,0,6.58661192399898e-05,8.56851808290985e-05,0,0.99986826776152
GSM1424121,0,0.04336782705454569,0.03331180195644679,0,0.9132643458909087
GSM1424122,0,0.07453288589674342,0.08347364990934596,0,0.8509342282065131
GSM1424123,0,0.1613552419439012,0.14789851863299147,0,0.6772895161121977
GSM1424124,0,0.00018269444684896967,0.0002504101284391858,0,0.999634611106302
GSM1424125,0,0.02076625454001938,0.022866420013083154,0,0.9584674909199612
GSM1424126,0,0.0031203428337799777,0.004216956544013359,0,0.99375931433244
GSM1424127,0,0.0020853287929981147,0.0022350989389816533,0,0.9958293424140038
GSM1424128,0,9.809536923793342e-05,0.00012844656069567456,0,0.9998038092615241
GSM1424129,0,0.48611135405522504,0.23735643672859932,0,0.027777291889549915
GSM1424130,0,0.020875312693288687,0.031726558685141196,0,0.9582493746134226
GSM1424131,0,0.0021349459916428664,0.0024491874526710315,0,0.9957301080167142
GSM1424132,0,0.01618109003116613,0.01356334595977918,0,0.9676378199376677
GSM1424133,0,0.00046504628386503775,0.0005402306775845988,0,0.99906990743227
GSM1424134,0,0.003990036370844859,0.003512955621971453,0,0.9920199272583102
GSM1424135,0,0.0005157123892568338,0.00040673247877053606,0,0.9989685752214863
GSM1424136,0,0.15878688140393563,0.14973485576925244,0,0.6824262371921288
GSM1424137,0,0.00304966877885548,0.003685262954227194,0,0.993900662442289
GSM1424138,0,0.006621901531898494,0.011609014098762933,0,0.986756196936203
GSM1424139,0,0.004961430183962485,0.0037131696524215995,0,0.990077139632075
GSM1424140,0,0.00319320400117844,0.0027618995313123096,0,0.9936135919976431
GSM1424141,0,0.01315614848820607,0.026281181608645822,0,0.9736877030235879
GSM1424142,0,0.004456278520438327,0.0052351550852770354,0,0.9910874429591233
GSM1424143,0,0.02531990692003915,0.03162416064558314,0,0.9493601861599217
GSM1424144,0,0.009624783301421264,0.008957013204500503,0,0.9807504333971575
GSM1424145,0,0.12109425929785758,0.13183463099972012,0,0.7578114814042849
GSM1424146,0,0.15557633756132003,0.12397733949984166,0,0.6888473248773599
GSM1424147,0,0.008678986263709224,0.01068018215245418,0,0.9826420274725816
GSM1424148,0,0.0017268082442595477,0.0016674190491644835,0,0.996546383511481
GSM1424149,0,0.03536405631466521,0.04326069645285115,0,0.9292718873706696
GSM1424150,0,0.07940950240322317,0.08286344652698037,0,0.8411809951935536
GSM1424151,0,0.0014454361483627006,0.0015112101480104123,0,0.9971091277032746
GSM1424152,0,0.05505089865334682,0.10388529970521374,0,0.8898982026933063
GSM1424153,0,0.001075737200351154,0.000979891017095023,0,0.9978485255992977
GSM1424154,0,0.3355195171129179,0.29022480990516036,0,0.3289609657741642
GSM1424155,0,0.021443611009410554,0.024297882352804875,0,0.9571127779811789
GSM1424156,0,0.010501527227387831,0.009125432975641615,0,0.9789969455452243
GSM1424157,0,0.001996861076878137,0.001966895172115468,0,0.9960062778462437
GSM1424158,0,0.016805348123665437,0.015296157326489493,0,0.9663893037526692
GSM1424159,0,0.005551772504599542,0.0067581288025077586,0,0.9888964549908009
GSM1424160,0,0.011781806400126518,0.01199023117032645,0,0.976436387199747
GSM1424161,0,0.7717171717297415,0.2013998802156487,1,0.543434343459483
GSM1424162,0,0.013085902983839048,0.013376291888403299,0,0.9738281940323219
GSM1424163,0,0.0017602639369949887,0.0015969381302102642,0,0.9964794721260101
GSM1424164,0,0.032230652474523405,0.03155350249721804,0,0.9355386950509532
GSM1424165,0,0.02631543130786517,0.0286319518516019,0,0.9473691373842696
GSM1424166,0,0.002787772689135339,0.005269316092281153,0,0.9944244546217293
GSM1424167,0,0.6325291159334224,0.24610152570345942,1,0.26505823186684485
GSM1424168,0,0.0007192342601475934,0.001354432620977709,0,0.9985615314797048
GSM1424169,0,0.13019463954893135,0.13777894361822893,0,0.7396107209021373
GSM1424170,0,0.4178490838505934,0.3441124662349009,0,0.16430183229881323
GSM1424171,0,0.006281202169713509,0.005774718736268295,0,0.987437595660573
GSM1424172,0,0.1005563610150891,0.08847548801055559,0,0.7988872779698218
GSM1424173,0,0.8372071447004172,0.1720600261098487,1,0.6744142894008345
GSM1424174,0,0.041674047427898125,0.04619118158832135,0,0.9166519051442037
GSM1424175,0,0.0007833299702034557,0.0016230831660913251,0,0.998433340059593
GSM1424176,0,0.0018135236364273503,0.002295535895430888,0,0.9963729527271453
GSM1424177,0,0.0011735173927346514,0.0018127214452103198,0,0.9976529652145307
GSM1424178,0,0.01170807138749263,0.012463730234549369,0,0.9765838572250147
GSM1424179,0,0.0043657507841345115,0.004268374161645006,0,0.9912684984317309
GSM1424180,0,0.03673516353591856,0.048841227669141854,0,0.9265296729281629
GSM1424181,0,0.000670062816703831,0.0006675814216092886,0,0.9986598743665923
GSM1424182,0,0.008761248202293456,0.008995735052007472,0,0.9824775035954131
GSM1424183,0,0.00209043381145033,0.0023813007152917592,0,0.9958191323770993
GSM1424184,0,0.01695508879523635,0.018689682262817614,0,0.9660898224095273
GSM1424185,0,0.3355938658272017,0.18761655238467703,0,0.3288122683455966
GSM1424186,0,0.001165560122785317,0.0015092954779439558,0,0.9976688797544294
GSM1424187,0,0.021972761334666916,0.022505019545510596,0,0.9560544773306662
GSM1424188,0,0.0012095082844049312,0.0010227866843569068,0,0.9975809834311902
GSM1424189,0,0.013458548980667607,0.012339893421530445,0,0.9730829020386648
GSM1424190,0,0.003459630614598819,0.008460769453834747,0,0.9930807387708024
GSM1424191,0,0.004709247569727319,0.007740765875254736,0,0.9905815048605454
GSM1424192,0,0.017225654457672657,0.015738645569050625,0,0.9655486910846547
GSM1424193,0,0.0009473114271000048,0.0008753756898578153,0,0.9981053771457999
GSM1424194,0,0.05449624334599894,0.07244696937170536,0,0.8910075133080021
GSM1424195,0,0.17703530140910792,0.17686391128338647,0,0.6459293971817841
GSM1424196,0,0.1247118308889664,0.17958688677451734,0,0.7505763382220672
GSM1424197,0,0.0009710643029339437,0.0014554156291137082,0,0.9980578713941322
GSM1424198,0,0.8545117941574787,0.1476761836459503,1,0.7090235883149574
GSM1424199,0,0.0005216479652393159,0.0005007161931721415,0,0.9989567040695214
GSM1424200,0,0.006182436754954954,0.006194884283431609,0,0.9876351264900901
GSM1424201,0,0.03414225508597015,0.029348969025408476,0,0.9317154898280597
GSM1424202,0,0.001453197278104446,0.0016570893175169416,0,0.9970936054437911
GSM1424203,0,0.0017645470869238921,0.0027915981572546713,0,0.9964709058261522
GSM1424204,0,0.00016167076073982946,0.00017466499246936068,0,0.9996766584785204
GSM1424205,0,0.0017059090788937477,0.0021418930590975573,0,0.9965881818422125
GSM1424206,0,0.026846363628110697,0.02378886040042821,0,0.9463072727437786
GSM1424207,0,0.0010290908051415828,0.0009702475086177803,0,0.9979418183897169
GSM1424208,0,0.007471673694553373,0.018262143385080937,0,0.9850566526108933
GSM1424209,0,0.11876528192461304,0.16954577248036734,0,0.7624694361507739
GSM1424210,0,0.154781455981932,0.14690500119235356,0,0.690437088036136
GSM1424211,0,0.9930919166086578,0.0069707484965318076,1,0.9861838332173156
GSM1424212,0,0.0016972372977324946,0.0017697552444131154,0,0.9966055254045351
GSM1424213,0,0.937409193837753,0.10697205970982142,1,0.874818387675506
GSM1424214,0,0.0020713953463628925,0.006982356931605101,0,0.9958572093072742
GSM1424215,0,0.15366551869152095,0.17484718633538932,0,0.6926689626169581
GSM1424216,0,0.13734783030568715,0.18055185186152603,0,0.7253043393886257
GSM1424217,0,0.4313122691514527,0.30297057238881964,0,0.13737546169709458
GSM1424218,0,0.452966331314043,0.269403077888381,0,0.09406733737191397
GSM1424219,0,0.758153047348358,0.25607648963190116,1,0.516306094696716
GSM1424220,0,0.08086032043803411,0.11502413218775583,0,0.8382793591239318
GSM1424221,0,0.0023422595021177182,0.003112869883894428,0,0.9953154809957646
GSM1424222,0,0.7432668748619488,0.18784797835874295,1,0.4865337497238975
GSM1424223,0,0.005277897273420788,0.007263205329694339,0,0.9894442054531585
GSM1424224,0,0.003622523176557673,0.004126107207269244,0,0.9927549536468847
GSM1424225,0,0.030432140822469055,0.04333130084029773,0,0.9391357183550619
GSM1424226,0,0.007639455117911717,0.00804237672066084,0,0.9847210897641766
GSM1424227,0,0.0018235433093487623,0.002217879783695035,0,0.9963529133813025
GSM1424228,0,0.014931785014379185,0.018422201906691672,0,0.9701364299712416
GSM1424229,0,0.00264532554532991,0.0030566127335654456,0,0.9947093489093402
GSM1424230,0,0.020777905809533877,0.0312949975917633,0,0.9584441883809323
GSM1424231,0,0.005860434387326978,0.006396277397339651,0,0.988279131225346
GSM1424232,0,0.009925240912003015,0.013532729118321462,0,0.9801495181759939
GSM1424233,0,0.011937678596327928,0.019990411371754755,0,0.9761246428073441
GSM1424234,0,0.0022255527101761826,0.002966343432341016,0,0.9955488945796477
GSM1424235,0,0.000911695354880712,0.001353783257838617,0,0.9981766092902385
GSM1424236,0,0.030967754551342132,0.02512328545524608,0,0.9380644908973157
GSM1424237,0,0.012545218777059353,0.02102793642726267,0,0.9749095624458813
GSM1424238,0,0.020908788758067,0.024144393344056873,0,0.958182422483866
GSM1424239,0,0.010823175586276938,0.009767516323941695,0,0.9783536488274461
GSM1424240,0,0.0017478984582785684,0.0017964223370702324,0,0.9965042030834429
GSM1424241,0,0.00819745207198252,0.010489626561774977,0,0.983605095856035
GSM1424242,0,0.04014067304538259,0.04420467055597505,0,0.9197186539092348
GSM1424243,0,0.012660831529240902,0.013657289635172404,0,0.9746783369415182
GSM1424244,0,0.07361427267971324,0.0885910037463469,0,0.8527714546405736
GSM1424245,0,0.03555754370486221,0.030068077220988376,0,0.9288849125902756
GSM1424246,0,0.0017852425704244271,0.0017678481227867775,0,0.9964295148591511
GSM1090501,1,0.5729856031599302,0.2550433172119201,1,0.14597120631986038
GSM1090502,1,0.6783786321978973,0.2996196480751247,1,0.3567572643957946
GSM1090503,0,0.0009365983970307139,0.000907278276496251,0,0.9981268032059386
GSM1090504,0,0.24275593649800248,0.23708540648059384,0,0.514488127003995
GSM1090505,1,0.9074367504695413,0.09547634828237224,1,0.8148735009390826
GSM1090506,1,0.9999905642702072,1.662257590546585e-05,1,0.9999811285404143
GSM1090507,0,0.19235875567811497,0.20075555762645267,0,0.61528248864377
GSM1090508,1,0.9999996646417548,9.587097419768449e-07,1,0.9999993292835097
GSM1090509,0,0.0019660317659472306,0.002347606840494942,0,0.9960679364681055
GSM1090510,1,0.9775991831619283,0.033444659178095144,1,0.9551983663238566
GSM1090511,1,0.9994928844911477,0.0008467177509949283,1,0.9989857689822954
GSM1090512,1,0.9995145631981156,0.0008038252207887479,1,0.9990291263962312
GSM1090513,1,0.9429395362747972,0.06160200214806229,1,0.8858790725495944
GSM1090514,0,0.004195728567342875,0.0032561141599578144,0,0.9916085428653143
GSM1090515,1,0.999658378634385,0.0006461513047837812,1,0.99931675726877
GSM1090516,1,0.7571680648801259,0.24980094873710187,1,0.5143361297602518
GSM1090517,1,0.8225009209445275,0.16028677242839082,1,0.6450018418890551
GSM1090518,1,0.9920396650149499,0.008678925989596829,1,0.9840793300298998
GSM1090519,1,0.9991850889865079,0.0014306788289320583,1,0.9983701779730159
GSM1090520,1,0.4607733918740859,0.35278204404311636,0,0.07845321625182822
GSM1090521,1,0.9994370903507941,0.0007227642734176853,1,0.9988741807015882
GSM1090522,1,0.9342686819654069,0.05399931592347673,1,0.8685373639308138
GSM1090523,0,0.001030774240391616,0.0013376968371685634,0,0.9979384515192168
GSM1090524,1,0.9987854928763964,0.0015088824744340066,1,0.9975709857527928
GSM1090525,1,0.945878511288077,0.05365278294287333,1,0.891757022576154
GSM1090526,1,0.9984842308663848,0.0020986175636342973,1,0.9969684617327697
GSM1090527,1,0.999885930310759,0.0001620477360773051,1,0.999771860621518
GSM1090528,0,0.08187053201327457,0.15155403259335026,0,0.8362589359734509
GSM1090529,0,0.47323967261974964,0.2769573237543169,0,0.05352065476050072
GSM1090530,1,0.9990073738378513,0.0017704418130356162,1,0.9980147476757026
GSM1090531,1,0.9999890859562157,1.4167279052458654e-05,1,0.9999781719124314
GSM1090532,1,0.9997961409264654,0.0003226158638480017,1,0.9995922818529308
GSM1090533,0,0.00979517274128706,0.009333524173772766,0,0.9804096545174259
GSM1090534,1,0.9256179236004926,0.08810176102320863,1,0.8512358472009851
GSM1090535,1,0.9991167606562079,0.0015409599066412028,1,0.9982335213124158
GSM1090536,1,0.8980459319322517,0.2014052084464256,1,0.7960918638645034
GSM1090537,1,0.9999217076344905,0.00011205326711594334,1,0.999843415268981
GSM1090538,0,0.03313295687309071,0.03890052898620955,0,0.9337340862538186
GSM1090539,1,0.9998794494058021,0.0003074318974467804,1,0.9997588988116042
GSM1090540,1,0.9989866826956135,0.0011493438686386906,1,0.997973365391227
GSM1090541,1,0.9990432917283769,0.001643650810856832,1,0.9980865834567538
GSM1090542,0,0.004954637970779149,0.003413281559724817,0,0.9900907240584417
GSM1090543,1,0.9499004614010076,0.07402600543926109,1,0.8998009228020152
GSM1090544,1,0.9994292956723043,0.0007359912863660787,1,0.9988585913446086
GSM1090545,0,0.00740514816180556,0.007908582090706382,0,0.9851897036763889
GSM1090546,0,0.012404186558202922,0.01723369349417305,0,0.9751916268835942
GSM1090547,1,0.9818347748317718,0.024147747628856263,1,0.9636695496635437
GSM1090548,1,0.9450284214927318,0.066888894597402,1,0.8900568429854636
GSM1090549,1,0.9994614808576309,0.0005816588689032943,1,0.9989229617152617
GSM1090550,1,0.955976956288551,0.06934472428079315,1,0.9119539125771019
GSM1090551,1,0.9797101930675263,0.03280147098094434,1,0.9594203861350525
GSM1090552,0,0.04215811210551463,0.03970030608769326,0,0.9156837757889708
GSM1090553,1,0.9717807569699408,0.036142078251680705,1,0.9435615139398816
GSM1090554,1,0.999678142471508,0.0008223169588943271,1,0.999356284943016
GSM1090555,1,0.9136178867516552,0.10936890871487837,1,0.8272357735033105
GSM1090556,1,0.9997716880991543,0.00029755502512665376,1,0.9995433761983086
GSM1090557,1,0.9712571057307976,0.06112417120478821,1,0.9425142114615952
GSM1090558,0,0.02260696741760148,0.023365524743384623,0,0.954786065164797
GSM1090559,1,0.9677436738001448,0.05444288818298967,1,0.9354873476002896
GSM1090560,1,0.9358115368590767,0.06734833047310348,1,0.8716230737181534
GSM1090561,1,0.987063698877024,0.026617307779166106,1,0.9741273977540481
GSM1090562,1,0.9996396133383506,0.0004752858449468695,1,0.9992792266767012
GSM1090563,1,0.9984772120924011,0.0022563398597981637,1,0.9969544241848023
GSM1090564,1,0.9807323099671645,0.01254534755302324,1,0.9614646199343291
GSM1090565,1,0.9996283274780587,0.0005610928321576553,1,0.9992566549561175
GSM1090566,1,0.9954402665401764,0.006746511625291514,1,0.9908805330803527
GSM1090567,1,0.9764287657735455,0.027271705948120804,1,0.9528575315470911
GSM1090568,0,0.14401703230735768,0.1673701637081026,0,0.7119659353852846
GSM1090569,0,0.3485761779767564,0.2699923200663906,0,0.30284764404648723
GSM1090570,1,0.9837369636876362,0.024919086576069636,1,0.9674739273752724
GSM1090571,1,0.9999989643042622,1.7624286549304903e-06,1,0.9999979286085243
GSM1090572,1,0.8909215895244686,0.12250614451294965,1,0.7818431790489373
GSM1090573,0,0.05393829605325092,0.06896997310963845,0,0.8921234078934982
GSM1090574,1,0.9983219107791111,0.002598128986697818,1,0.9966438215582223
GSM1090575,1,0.9999773005714921,6.831108292706359e-05,1,0.9999546011429843
GSM1090576,0,0.01883961266994952,0.01747305048568477,0,0.9623207746601009
GSM1090577,1,0.9884639589308071,0.016240743009786538,1,0.9769279178616141
GSM1090578,1,0.9996604070664041,0.0006657957817161648,1,0.9993208141328083
GSM1090579,0,0.0002587530861746755,0.000306009419146306,0,0.9994824938276506
GSM1090580,1,0.9999625350966973,5.004113941452288e-05,1,0.9999250701933946
GSM1090581,1,0.9866475572463882,0.01752542818002985,1,0.9732951144927764
GSM1090582,1,0.975441798328425,0.022734276588603403,1,0.9508835966568501
GSM1090583,0,0.00044650422517639686,0.0004651426018679874,0,0.9991069915496472
GSM1090584,1,0.9464446367022784,0.07954396052024897,1,0.8928892734045568
GSM1090585,1,0.9992636074200538,0.001031217528071496,1,0.9985272148401076
GSM1090586,1,0.9803066001208999,0.041282353986713094,1,0.9606132002417997
GSM1090587,0,0.042074717205824945,0.04315239438474492,0,0.9158505655883501
GSM1090588,1,0.7897911194954863,0.16383894508962205,1,0.5795822389909726
GSM1090589,1,0.999524943997535,0.0019365867340840244,1,0.99904988799507
GSM1090590,1,0.9999792646635136,3.629588301326333e-05,1,0.9999585293270272
GSM1090591,1,0.9191801981796062,0.08123887734330189,1,0.8383603963592123
GSM1090592,1,0.9963399602628883,0.005366478129233611,1,0.9926799205257766
GSM1090593,1,0.998553587656635,0.00400619584022752,1,0.9971071753132701
GSM1090594,1,0.8749622256427484,0.11968478823370177,1,0.7499244512854968
GSM1090595,0,0.0001839680726073819,0.00018534542687490859,0,0.9996320638547852
GSM1090596,0,0.01800267071633861,0.01706467436804547,0,0.9639946585673228
GSM1090597,0,0.0029174281559136285,0.0031354983749277213,0,0.9941651436881728
GSM1090598,0,0.0014163977026520583,0.0012301313085050255,0,0.9971672045946959
GSM1090599,1,0.9820277691559534,0.022656427283694158,1,0.9640555383119067
GSM1090600,0,0.00010540327156941482,0.00015703293332937582,0,0.9997891934568611
GSM1090601,1,0.2774151062718955,0.22793717811976913,0,0.44516978745620905
GSM1090602,0,0.46358786935134716,0.2718359525223574,0,0.07282426129730568
GSM1090603,0,0.022369781717153727,0.02790388649332997,0,0.9552604365656926
GSM1090604,0,0.012792263336345675,0.011917548371880684,0,0.9744154733273086
GSM1090605,0,0.0003643836235940553,0.0004965747855290126,0,0.9992712327528119
GSM1090606,0,0.004046848833364407,0.004026963867188383,0,0.9919063023332712
GSM1090607,0,0.0008887806462663241,0.0013367630732413639,0,0.9982224387074673
GSM1090608,0,0.002824625019507343,0.004252869333564929,0,0.9943507499609853
GSM1090609,0,0.004057391847075759,0.003452419568843073,0,0.9918852163058485
GSM1090610,0,0.0018788236095603195,0.0023050692534046418,0,0.9962423527808794
GSM1090611,0,0.0038035951528076423,0.0035994732619073753,0,0.9923928096943847
GSM1090612,1,0.9805041329665831,0.031059814095200533,1,0.9610082659331662
GSM1090613,0,0.012317504890014088,0.015120938408767493,0,0.9753649902199718
GSM1090614,0,0.024400521050753674,0.029126888044151988,0,0.9511989578984926
GSM1090615,0,0.0040718904131914506,0.004606380403014516,0,0.9918562191736171
GSM1090616,1,0.997596036692977,0.004407748287581263,1,0.9951920733859541
GSM1090617,0,0.016182554248729147,0.018813559590239635,0,0.9676348915025417
GSM1090618,1,0.9922124665976739,0.009714351204425953,1,0.9844249331953479
GSM1090619,0,0.018920898530230025,0.013461145428760818,0,0.9621582029395399
GSM1090620,1,0.9976010309607108,0.0033416862683257774,1,0.9952020619214217
GSM1090621,0,0.00847463045446305,0.01096744908869193,0,0.9830507390910739
GSM1090622,0,0.0027455412601955814,0.003571151630089712,0,0.9945089174796088
GSM1090623,1,0.9984387756321098,0.0022299445914461405,1,0.9968775512642196
GSM1090624,1,0.9632528815070935,0.035825225442652216,1,0.9265057630141871
GSM1090625,0,0.07142219397318898,0.07918102298177622,0,0.857155612053622
GSM1090626,1,0.9998618077067791,0.00018115210233745407,1,0.9997236154135583
GSM1090627,0,0.0016203611302816293,0.0017852994878342812,0,0.9967592777394367
GSM1090628,0,0.07398870097286503,0.14600002232224246,0,0.8520225980542699
GSM1090629,0,0.00147469794111671,0.0016755944662264623,0,0.9970506041177666
GSM1090630,0,0.4268165929055832,0.328078002253558,0,0.14636681418883357
GSM1090631,0,0.01632565911026437,0.019623514873205707,0,0.9673486817794713
GSM1090632,0,0.008307752748637199,0.007360792441519842,0,0.9833844945027256
GSM1090633,1,0.9998519736423235,0.00025230360635959714,1,0.999703947284647
GSM1090634,0,0.0049406559376583,0.004488353473342669,0,0.9901186881246834
GSM1090635,1,0.9985412211548124,0.0013244094572506203,1,0.9970824423096247
GSM1090636,0,0.010736719840632134,0.011207567244889291,0,0.9785265603187357
GSM1090637,1,0.5361573545384267,0.3173660531248198,1,0.07231470907685345
GSM1090638,1,0.9308434988983537,0.10186982337845754,1,0.8616869977967074
GSM1090639,1,0.999726230025779,0.00039526336794147663,1,0.999452460051558
GSM1090640,0,0.01984939661807187,0.026587858447122047,0,0.9603012067638562
GSM1090641,1,0.9674545722195628,0.03250722137823794,1,0.9349091444391255
GSM1090642,1,0.9935014787421643,0.00988614817670682,1,0.9870029574843286
GSM1090643,0,0.014921022008688384,0.01214867435841158,0,0.9701579559826232
GSM1090644,0,0.0021372182867676883,0.0023665814937448197,0,0.9957255634264647
GSM1090645,0,0.011124470144113902,0.026693882095423317,0,0.9777510597117722
GSM1090646,1,0.9941199491367696,0.011354293426403685,1,0.9882398982735392
GSM1090647,0,0.03044859114963979,0.03156770124727763,0,0.9391028177007205
GSM1090648,1,0.9974700390138878,0.002460535911763448,1,0.9949400780277755
GSM1090649,1,0.9932969175100019,0.008425128066892659,1,0.9865938350200039
GSM1090650,1,0.9861842444145171,0.032515877765322346,1,0.9723684888290343
GSM1090651,1,0.9958840561666691,0.006013977315522842,1,0.9917681123333382
GSM1090652,0,0.0038251820311672735,0.006011213294201866,0,0.9923496359376655
GSM1090653,1,0.9772656932647248,0.03273428092522458,1,0.9545313865294496
GSM1090654,1,0.4511063827873242,0.30961436164693334,0,0.09778723442535164
GSM1090655,1,0.9958724571175048,0.003459484096447854,1,0.9917449142350097
GSM1090656,0,0.0005482401046705725,0.0009827635149635364,0,0.9989035197906588
GSM1090657,0,0.13960333020432075,0.1411553841569669,0,0.7207933395913585
GSM1090658,0,0.4137227286894798,0.33617248745060524,0,0.17255454262104042
GSM1090659,1,0.9999621744636726,8.8633284183918e-05,1,0.9999243489273453
GSM1090660,0,0.007285357563307777,0.007382918123769929,0,0.9854292848733844
GSM1090661,0,0.04489928277170339,0.04175189154457361,0,0.9102014344565932
GSM1090662,1,0.9999979527836163,9.17811781788966e-06,1,0.9999959055672325
GSM1090663,0,0.0014105242035819129,0.0014497107257262182,0,0.9971789515928362
GSM1090664,0,0.0018787959645756927,0.0020787077558624663,0,0.9962424080708486
GSM1090665,1,0.9871158086717156,0.030220973254163785,1,0.9742316173434311
GSM1090666,1,0.6827442544654101,0.19763861291999105,1,0.3654885089308202
GSM1090667,1,0.9999731860737953,4.445397545378253e-05,1,0.9999463721475905
GSM1090668,1,0.9989204440365749,0.001572124426402248,1,0.9978408880731497
GSM1090669,0,0.005794452764065454,0.006339789800603251,0,0.9884110944718691
GSM1090670,0,0.03170156705948614,0.040312621749764126,0,0.9365968658810278
GSM1090671,1,0.9998146896778817,0.0005432283360082797,1,0.9996293793557633
GSM1090672,0,0.0006985624478433091,0.000683615947938251,0,0.9986028751043133
GSM1090673,1,0.9999385387926379,0.00011882931762718246,1,0.9998770775852759
GSM1090674,1,0.9994598560407588,0.0007984022592606666,1,0.9989197120815176
GSM1090675,0,0.0023625791761436614,0.0036296888047706475,0,0.9952748416477126
GSM1090676,1,0.997901984359175,0.002295192184073861,1,0.99580396871835
GSM1090677,0,0.020057018372285112,0.01747759158585869,0,0.9598859632554297
GSM1090678,1,0.9971178928406014,0.002606698891785611,1,0.9942357856812027
GSM1090679,1,0.9995730976263631,0.0005321747368729516,1,0.9991461952527263
GSM1090680,1,0.9991977923424503,0.0007817819352535693,1,0.9983955846849006
GSM1090681,0,0.001019101184158983,0.0013173269954429088,0,0.997961797631682
GSM1090682,0,0.021729380705913827,0.024464049977203597,0,0.9565412385881723
GSM1090683,0,0.0010757808592017017,0.0011132713090305163,0,0.9978484382815966
GSM1090684,0,0.012840572917802698,0.01052329776524652,0,0.9743188541643946
GSM1090685,0,0.0027833643448553587,0.007076821161096533,0,0.9944332713102892
GSM1090686,0,0.008084991047984269,0.012081723797688996,0,0.9838300179040315
GSM1090687,0,0.01196211245153109,0.012306802107150905,0,0.9760757750969378
GSM1090688,0,0.09116918804246107,0.09844691428025229,0,0.8176616239150778
GSM1090689,0,0.19952658344299326,0.1996779494148883,0,0.6009468331140135
GSM1090690,1,0.9976677907118028,0.005314735860907851,1,0.9953355814236056
GSM1090691,0,0.07117470371260295,0.10123143052741398,0,0.8576505925747941
GSM1090692,1,0.6624300492453541,0.22984327146121605,1,0.3248600984907082
GSM1090693,0,0.0011017828947598824,0.0017550934108680344,0,0.9977964342104803
GSM1090694,0,0.0004601210912777861,0.0004088848597550997,0,0.9990797578174444
GSM1090695,0,0.006875948935860859,0.008311884965395606,0,0.9862481021282783
GSM1090696,1,0.9999913913512145,1.3751442885533534e-05,1,0.999982782702429
GSM1090697,1,0.999994351319977,1.5480557398123284e-05,1,0.9999887026399541
GSM1090698,0,0.037259610035859356,0.033209056037866336,0,0.9254807799282813
GSM1090699,1,0.9925910417526292,0.008240932855602222,1,0.9851820835052585
GSM1090700,1,0.991758906039912,0.012615661401645106,1,0.983517812079824
GSM1090701,0,9.595922082252518e-05,0.00011550961702364142,0,0.999808081558355
GSM1090702,0,0.0010026495860976062,0.0008082957881340401,0,0.9979947008278048
GSM1090703,0,0.019142173071032394,0.019167229145634908,0,0.9617156538579352
GSM1090704,1,0.9999337454116756,9.375681554123024e-05,1,0.9998674908233511
GSM1090705,0,0.0011343771302554687,0.0015102307355450292,0,0.997731245739489
GSM1090706,1,0.9940700421507508,0.007208670076007501,1,0.9881400843015016
GSM1090707,0,0.007057963054693572,0.012402926392391534,0,0.9858840738906128
GSM1090708,1,0.99982929918095,0.00025365794882956425,1,0.9996585983619
GSM1090709,1,0.38963066138970054,0.3339958839763755,0,0.22073867722059892
GSM1090710,0,0.019216299554784416,0.02160127656919444,0,0.9615674008904311
GSM1090711,1,0.7810078273772298,0.22884133793844086,1,0.5620156547544597
GSM1090712,0,0.00019381802354883915,0.00029323706583645885,0,0.9996123639529023
GSM1090713,0,0.05053606362976999,0.04979985689885406,0,0.89892787274046
GSM1090714,1,0.9972122528289745,0.0035325418007255095,1,0.994424505657949
GSM1090715,1,0.9999907142182731,1.3602029101304037e-05,1,0.9999814284365462
GSM1090716,0,0.009260519072392306,0.00770836329770729,0,0.9814789618552154
GSM1090717,0,0.0033526460847217816,0.00419962816305482,0,0.9932947078305564
GSM1090718,0,0.005074089117003558,0.006406862933773237,0,0.9898518217659928
GSM1090719,1,0.9944434503908155,0.006807649291337493,1,0.988886900781631
GSM1090720,1,0.8246431396852405,0.17063456096898,1,0.649286279370481
GSM1090721,0,0.03975526116660713,0.05227431800321175,0,0.9204894776667858
GSM1090722,1,0.5335071410216491,0.2874854186191168,1,0.06701428204329818
GSM1090723,0,0.013130950405375427,0.01555027594815415,0,0.9737380991892491
GSM1090724,0,0.0762601842250129,0.1035461344438253,0,0.8474796315499742
GSM1090725,0,0.023118656420326976,0.03977329434418986,0,0.9537626871593461
GSM1090726,0,0.0410687250635532,0.03894992990152034,0,0.9178625498728936
GSM1090727,1,0.9910372603391705,0.019195566936494483,1,0.982074520678341
GSM1090728,1,0.9882914940251393,0.01765302769072239,1,0.9765829880502785
GSM1090729,1,0.8441579600721496,0.1514308615900793,1,0.6883159201442992
GSM1090730,1,0.9999903542077311,1.685879705422327e-05,1,0.9999807084154622
